epoch,loss_g,loss_c,fid,is_mean,is_std,run
1,0.14255457796288679,-0.2715889145108288,125.66173553466797,2.6871941089630127,0.03300294652581215,1
2,0.11597810111584077,-0.22587851640890605,,,,1
3,0.08281801015736481,-0.1625401348495814,,,,1
4,0.07349333060823834,-0.14599922524413278,,,,1
5,0.06670450566812611,-0.13773220931771216,56.9586181640625,3.466871738433838,0.07100207358598709,1
6,0.062210426884820126,-0.1289374303219794,,,,1
7,0.05925534252328808,-0.12197570792193602,,,,1
8,0.05584519368814048,-0.11660298565154142,,,,1
9,0.05515702409702557,-0.111243710709038,,,,1
10,0.05454790504416202,-0.1077229715525913,43.22874069213867,3.691779375076294,0.06734401732683182,1
11,0.05077600069858408,-0.10440894185288102,,,,1
12,0.052030655803042586,-0.10126835281146629,,,,1
13,0.0492557534559609,-0.09847420968489051,,,,1
14,0.04902362912680095,-0.09607213830998766,,,,1
15,0.046908641723556126,-0.0938769339234941,38.455322265625,3.7513465881347656,0.05824509263038635,1
16,0.04764985838500443,-0.09258674958615445,,,,1
17,0.04578162729727719,-0.09029926006208107,,,,1
18,0.045063682531032476,-0.08859954550941827,,,,1
19,0.04418100478036156,-0.08668415187962408,,,,1
20,0.04297619031517585,-0.08455891274671162,35.793094635009766,3.781395673751831,0.03802986815571785,1
21,0.04271878218569017,-0.08331045158517526,,,,1
22,0.044029593585121665,-0.08175460471430736,,,,1
23,0.040866137519374436,-0.07974781281252172,,,,1
24,0.041265507148163294,-0.07901974693099742,,,,1
25,0.039504070549591055,-0.07861080549045077,34.21046829223633,3.870309591293335,0.048981860280036926,1
26,0.04079626733002331,-0.07692309942100448,,,,1
27,0.03890011012613805,-0.076052620816129,,,,1
28,0.040136433066601446,-0.0757464259791336,,,,1
29,0.03871174714192072,-0.07483674609673825,,,,1
30,0.0372001604096797,-0.0738440687940113,33.07835006713867,3.766949415206909,0.055313121527433395,1
31,0.0370062148498407,-0.07258910122213204,,,,1
32,0.03656884163715991,-0.07190927722180221,,,,1
33,0.0364193691264017,-0.07195120461865576,,,,1
34,0.03584173697023578,-0.07114021283084389,,,,1
35,0.0360176808378692,-0.06991561185349904,31.511083602905273,3.821033239364624,0.09262116998434067,1
36,0.035991594981448875,-0.06884654209995791,,,,1
37,0.034232122642574525,-0.06832819092489993,,,,1
38,0.03450199068730683,-0.06691057147734511,,,,1
39,0.03434144974811194,-0.06763854852441217,,,,1
40,0.0336563247372769,-0.06680143813790482,30.8990535736084,3.8572399616241455,0.12996117770671844,1
41,0.03388543479806041,-0.06642860262242237,,,,1
42,0.03262179213418976,-0.06517205505632857,,,,1
43,0.03269886836511945,-0.06487264788909362,,,,1
44,0.03371449713677212,-0.06446007913497367,,,,1
45,0.03186252818455554,-0.06426914575983837,30.090538024902344,3.9045674800872803,0.05913674458861351,1
46,0.03272892797058657,-0.0631186321095475,,,,1
47,0.033368641753003137,-0.06362242348842012,,,,1
48,0.03224359543968227,-0.06296180710673586,,,,1
49,0.031210041918151733,-0.062335516897645424,,,,1
50,0.03045926025244651,-0.06183938144953681,29.659767150878906,3.8539764881134033,0.09035097807645798,1
51,0.029136439135696704,-0.061653048064452355,,,,1
52,0.02930595469275905,-0.061723555697639064,,,,1
53,0.027956798840527847,-0.06168090644528097,,,,1
54,0.02860654381825912,-0.061161568511591526,,,,1
55,0.029119713798405358,-0.06130800662977719,28.43967056274414,3.778790235519409,0.10447771847248077,1
56,0.02691499030492353,-0.06050864070964025,,,,1
57,0.028604676731188237,-0.06055671093923814,,,,1
58,0.0278843428661029,-0.06045151831087206,,,,1
59,0.028720404238742253,-0.05945527008878765,,,,1
60,0.025881606561038346,-0.059396289847592404,29.17429542541504,3.840899705886841,0.1049264445900917,1
61,0.02661886786855161,-0.0594474422907419,,,,1
62,0.025675920388644427,-0.059724728501299465,,,,1
63,0.026320290599061075,-0.058647431017733564,,,,1
64,0.02520024457080697,-0.059456779131528664,,,,1
65,0.024995691937383508,-0.05822752161287447,29.257057189941406,3.8980815410614014,0.07021252065896988,1
66,0.026124487582195585,-0.05890782122582738,,,,1
67,0.024615426937884998,-0.058394180773782244,,,,1
68,0.025051861271493756,-0.058629648978628116,,,,1
69,0.024297751482449902,-0.057720156033645637,,,,1
70,0.024949068607232686,-0.057767985474115505,28.15977668762207,3.8260810375213623,0.06593053787946701,1
71,0.02539080111103643,-0.05742107433333532,,,,1
72,0.025354613190573486,-0.05667438079864423,,,,1
73,0.022873438123574834,-0.05670772978723876,,,,1
74,0.021850544384187695,-0.05707694122740718,,,,1
75,0.026792207339817305,-0.0568164528865395,29.52022361755371,3.8488242626190186,0.07665351778268814,1
76,0.02513144079456901,-0.05650017176543063,,,,1
77,0.02618474977723598,-0.05616969785681879,,,,1
78,0.02508565854331381,-0.05599730379835741,,,,1
79,0.025969824329288946,-0.05559708581881532,,,,1
80,0.025428200520653567,-0.05564898461612337,27.008485794067383,3.802356004714966,0.08770891278982162,1
1,0.14585811035885757,-0.27481946564630355,124.37566375732422,2.750509023666382,0.04910166561603546,2
2,0.11116721749250065,-0.21303880216281468,,,,2
3,0.08550493272564104,-0.16307307812390232,,,,2
4,0.07604143783532624,-0.14656426101573122,,,,2
5,0.07143638810933554,-0.13578366949406862,56.96697998046875,3.3774287700653076,0.08222687244415283,2
6,0.06621343454978704,-0.1286552309306098,,,,2
7,0.06402752454069084,-0.12251335948610255,,,,2
8,0.061330979084521495,-0.11753339424586219,,,,2
9,0.05999012688659887,-0.11307896143312515,,,,2
10,0.05692470259753254,-0.10852231610101214,43.82069396972656,3.5606625080108643,0.08694171160459518,2
11,0.05473722934423724,-0.10552490079574676,,,,2
12,0.055277242909683555,-0.10206982923578173,,,,2
13,0.053743930028854865,-0.09903660834058245,,,,2
14,0.05226910957684412,-0.09709824641556215,,,,2
15,0.05132757207769364,-0.09519407434613626,37.44401168823242,3.7860107421875,0.08785326033830643,2
16,0.04930476461755352,-0.09293982265328267,,,,2
17,0.049643196023925105,-0.09136250411560848,,,,2
18,0.04932305782167649,-0.0896408676011776,,,,2
19,0.04993503362292239,-0.08810407737132833,,,,2
20,0.048889896006317435,-0.08658011294623068,35.436317443847656,3.68098521232605,0.0566011406481266,2
21,0.04867316892516194,-0.0856646432033407,,,,2
22,0.046140208729670014,-0.08397033306091164,,,,2
23,0.045976312095900695,-0.08246820101965707,,,,2
24,0.04462540329070195,-0.08186814535246206,,,,2
25,0.046688832271806376,-0.07970650622118244,34.86214065551758,3.8852508068084717,0.12142863869667053,2
26,0.0442991125063917,-0.0788657805398345,,,,2
27,0.04305970896336846,-0.07788619983110381,,,,2
28,0.04504104052235948,-0.07709166600409668,,,,2
29,0.04362249300564692,-0.07582088125315013,,,,2
30,0.04332794486609633,-0.07495671607705037,32.94207000732422,3.822941303253174,0.09062287956476212,2
31,0.04152701913106793,-0.07478702971224724,,,,2
32,0.04134284759801589,-0.07359157446791739,,,,2
33,0.040982081412323804,-0.07210554856421345,,,,2
34,0.041461641325246594,-0.07182376863973627,,,,2
35,0.040658931116689806,-0.07138361134780064,31.398462295532227,3.7832963466644287,0.07057243585586548,2
36,0.03928344023104344,-0.0707978715696705,,,,2
37,0.03960120539268401,-0.0699004505620822,,,,2
38,0.03919337029216499,-0.06956770350975695,,,,2
39,0.040562793217761406,-0.0686953500243204,,,,2
40,0.03858280680917617,-0.06876824782682203,31.702449798583984,3.7733211517333984,0.14196054637432098,2
41,0.03938474898982451,-0.0682093649804433,,,,2
42,0.03883046927497093,-0.06771330792444938,,,,2
43,0.03956584374667836,-0.06711755773468041,,,,2
44,0.03875529168388859,-0.06672510594574847,,,,2
45,0.03719402985222908,-0.06584750117064159,30.158124923706055,3.8796417713165283,0.08118165284395218,2
46,0.037978789858816225,-0.06541115265605989,,,,2
47,0.037680540935448474,-0.06512240947421993,,,,2
48,0.03756502770936552,-0.06429838257262298,,,,2
49,0.03608637436923224,-0.06375607818150406,,,,2
50,0.03731979343149584,-0.06343731702590638,30.26500129699707,3.8286683559417725,0.04389416053891182,2
51,0.036722307117171823,-0.06337472569026459,,,,2
52,0.03789780399485779,-0.0630616972932598,,,,2
53,0.03738850095990664,-0.061694298645236956,,,,2
54,0.036682253532144445,-0.06189603079160081,,,,2
55,0.03615529921933067,-0.061487081353309124,29.249025344848633,3.8218586444854736,0.05619990825653076,2
56,0.036242420614668217,-0.06180050451479447,,,,2
57,0.03451957432575536,-0.06082240720513091,,,,2
58,0.03656393889049038,-0.06057699714472225,,,,2
59,0.036350407620634496,-0.05979207492052809,,,,2
60,0.035274047598221885,-0.05926896156912139,28.62722396850586,3.7949371337890625,0.07566504925489426,2
61,0.03581413304832791,-0.05936451700367948,,,,2
62,0.034695805882112685,-0.05868521375679028,,,,2
63,0.03548938118946603,-0.058722891269317304,,,,2
64,0.03507959967222673,-0.058628761260238506,,,,2
65,0.03511041427044081,-0.058545556225542576,29.764549255371094,3.8932716846466064,0.09135966747999191,2
66,0.03475972190695609,-0.058187081510342235,,,,2
67,0.03527395442819467,-0.0576023623673295,,,,2
68,0.03246276987542119,-0.05824997093282012,,,,2
69,0.03429259571968404,-0.05781940569586281,,,,2
70,0.031546514222508724,-0.05647580782021123,28.518146514892578,3.843303680419922,0.07126832753419876,2
71,0.03402472777665357,-0.05644946173330413,,,,2
72,0.035272253704085356,-0.05679244428113691,,,,2
73,0.034814825651246814,-0.05578375670446625,,,,2
74,0.036204762892745906,-0.05604850127100308,,,,2
75,0.03190263419356416,-0.055408972304556894,27.971435546875,3.8625752925872803,0.08475486934185028,2
76,0.03419726973289192,-0.05626086555143049,,,,2
77,0.0330291540149983,-0.05570157627071171,,,,2
78,0.033557052192926255,-0.05547893763566539,,,,2
79,0.0336878066934673,-0.05541406357173859,,,,2
80,0.03359722704296134,-0.05520208510933017,29.0105037689209,3.8029308319091797,0.08480462431907654,2
1,0.13157831652995464,-0.26199110658896996,124.50069427490234,2.710932731628418,0.05235856771469116,3
2,0.10236623454958264,-0.21709979987895095,,,,3
3,0.07318213924314834,-0.1593983395058928,,,,3
4,0.06477899286881578,-0.14421773224019444,,,,3
5,0.06501605337646689,-0.1378520311054196,57.4622688293457,3.41583251953125,0.04847694933414459,3
6,0.06111707156494244,-0.13248715259476684,,,,3
7,0.05613465680419731,-0.12602595747980264,,,,3
8,0.053678089517477816,-0.12226649489066899,,,,3
9,0.05407988574003489,-0.11775754965452145,,,,3
10,0.050409082288586954,-0.11411233827583055,44.26730728149414,3.531912326812744,0.0870925635099411,3
11,0.05294311809984186,-0.11012550396496866,,,,3
12,0.04970855432378154,-0.10781760135289827,,,,3
13,0.048681538484457845,-0.10503378956555812,,,,3
14,0.04595944804677157,-0.10238592314713793,,,,3
15,0.048139705356228364,-0.10068981024250785,38.7419548034668,3.5542213916778564,0.093033567070961,3
16,0.046065553654782404,-0.09830644021055233,,,,3
17,0.04347664613814442,-0.09557244495718303,,,,3
18,0.043784324473973756,-0.09411533235740255,,,,3
19,0.043776493294541245,-0.09233915848754895,,,,3
20,0.04208527800772168,-0.09049266481348646,35.50714874267578,3.6476991176605225,0.08495885133743286,3
21,0.04391599111869015,-0.08922910984911685,,,,3
22,0.04001714587594276,-0.08775487141793031,,,,3
23,0.03813688873411271,-0.08626313524255122,,,,3
24,0.039249591723436304,-0.08522203367445996,,,,3
25,0.0387822928263934,-0.08444576081894378,34.18300247192383,3.649533987045288,0.10692381858825684,3
26,0.03931984038496233,-0.08225420808763488,,,,3
27,0.03694936794637858,-0.08166861923942254,,,,3
28,0.03681757720162458,-0.08047168687971959,,,,3
29,0.03676190256131684,-0.07969769380644774,,,,3
30,0.03826811775158129,-0.07871577770647015,33.22393798828125,3.6956539154052734,0.08844386786222458,3
31,0.03411988758411469,-0.07773998894966272,,,,3
32,0.0355049926952112,-0.07674215085756753,,,,3
33,0.034814008244357035,-0.07604914654360383,,,,3
34,0.03336510097490188,-0.0753426559492071,,,,3
35,0.0363787789171832,-0.07474878146894587,32.89550018310547,3.7356650829315186,0.08823102712631226,3
36,0.03333754412199469,-0.07420249667571283,,,,3
37,0.032683068829496155,-0.07387076374719848,,,,3
38,0.03544403520872938,-0.07273970173399502,,,,3
39,0.032757802774708245,-0.07195219574267543,,,,3
40,0.0319905739765005,-0.07120028100987318,30.791772842407227,3.6912829875946045,0.0816505029797554,3
41,0.03277240121295316,-0.07147760757045342,,,,3
42,0.03377709574905485,-0.07092520085699149,,,,3
43,0.0331856681779673,-0.07027939644422514,,,,3
44,0.0322435243474419,-0.0696762079490287,,,,3
45,0.03278154352907958,-0.06863156262598336,30.780277252197266,3.7489399909973145,0.07359378039836884,3
46,0.0326174900877854,-0.06907467383855562,,,,3
47,0.03253231488696022,-0.06819005435970765,,,,3
48,0.032095653358414536,-0.06779766776335595,,,,3
49,0.030305056379245257,-0.06777347884913201,,,,3
50,0.030390801857297162,-0.06700679612134285,29.858020782470703,3.7405452728271484,0.06313494592905045,3
51,0.028924667719553307,-0.06646687553135983,,,,3
52,0.03221746939773648,-0.0663613626721495,,,,3
53,0.030730138362853477,-0.06537576181378728,,,,3
54,0.030749465724783317,-0.06521016034310566,,,,3
55,0.031522886202772014,-0.06506366434376866,29.779510498046875,3.698155641555786,0.06686794757843018,3
56,0.031186559900498314,-0.06470484283167308,,,,3
57,0.030406823067323542,-0.06392396461484971,,,,3
58,0.030147684659767127,-0.06369660931898792,,,,3
59,0.02843686494342148,-0.06363288960504081,,,,3
60,0.027678524902619208,-0.06323065116440951,27.812925338745117,3.829723358154297,0.09163660556077957,3
61,0.028510145750841008,-0.062236581683524646,,,,3
62,0.026862635690069844,-0.06238860378723707,,,,3
63,0.02860595950416489,-0.06212328527253936,,,,3
64,0.028730043551383644,-0.0621171981561432,,,,3
65,0.028422692120959832,-0.06180127244144519,28.370365142822266,3.8232219219207764,0.05288379266858101,3
66,0.026658100814455694,-0.06141670101313288,,,,3
67,0.026299415310803032,-0.061111601652018926,,,,3
68,0.02887939222183341,-0.061099738985888476,,,,3
69,0.02804903060435382,-0.060377437162154386,,,,3
70,0.026527722047347668,-0.059270444070659935,28.750911712646484,3.8912205696105957,0.0741368904709816,3
71,0.02741593268051149,-0.06000249876403185,,,,3
72,0.026515289636307945,-0.0591208896179273,,,,3
73,0.028048753824192838,-0.05913058487080205,,,,3
74,0.028310344602814265,-0.05962186731922906,,,,3
75,0.02777675655384706,-0.058641488215584896,28.88072395324707,3.84525990486145,0.05958104878664017,3
76,0.02768803979324827,-0.058222999619349854,,,,3
77,0.027382826368973504,-0.05792296500210606,,,,3
78,0.027661631697229246,-0.05807569873665351,,,,3
79,0.0269566064427399,-0.05832041356326931,,,,3
80,0.0275155674234299,-0.05800489161119835,28.179656982421875,3.7369296550750732,0.08132164925336838,3
1,0.13678972581057317,-0.2619241821721769,119.74224090576172,2.689966917037964,0.059912774711847305,4
2,0.11131121487264285,-0.219284902959903,,,,4
3,0.08023565422506007,-0.16494444534262065,,,,4
4,0.07089743006794555,-0.15280267437214276,,,,4
5,0.0653871617629317,-0.14458987181221028,57.205814361572266,3.35322642326355,0.05936447158455849,4
6,0.06564276969644739,-0.1382269875057988,,,,4
7,0.06074890559039744,-0.13285689699198164,,,,4
8,0.058635300554865884,-0.12765289940886207,,,,4
9,0.05880864202295874,-0.12342969970648418,,,,4
10,0.05669054650555473,-0.11973559696589106,45.79733657836914,3.4247353076934814,0.05724472925066948,4
11,0.05535310806145965,-0.11570249961464484,,,,4
12,0.05282076824346623,-0.11226404056732275,,,,4
13,0.05183257537410896,-0.10942254517636915,,,,4
14,0.04935351450694725,-0.10643281108573509,,,,4
15,0.05067408751965209,-0.10354918447445398,38.41548538208008,3.5951621532440186,0.05735207349061966,4
16,0.0495736611703373,-0.1018250047874298,,,,4
17,0.04643436317496586,-0.09857150030062954,,,,4
18,0.0473215906963293,-0.09674897461557083,,,,4
19,0.04645511547807731,-0.09505684061916177,,,,4
20,0.045785607724364054,-0.09374584054043605,37.3154411315918,3.597707509994507,0.05725302919745445,4
21,0.04639372938901997,-0.091833749724395,,,,4
22,0.04412119183850871,-0.09041541030385959,,,,4
23,0.0443989036597556,-0.08901724871347401,,,,4
24,0.044274363448727067,-0.0888170539227532,,,,4
25,0.04216396265236806,-0.08666833147820058,34.75243377685547,3.7446670532226562,0.0893823429942131,4
26,0.041240942206113476,-0.08606723104399831,,,,4
27,0.0427060982872401,-0.08446877147592882,,,,4
28,0.04150581781082988,-0.08430522555046045,,,,4
29,0.04079453582095684,-0.08271051430826254,,,,4
30,0.03795687983701107,-0.08145873746342695,34.93513870239258,3.6321351528167725,0.10877951979637146,4
31,0.040077550987377086,-0.0808367332962432,,,,4
32,0.03765246468974355,-0.0799207719263552,,,,4
33,0.03767793437949578,-0.07882469305679154,,,,4
34,0.037458648167156966,-0.07803363814600123,,,,4
35,0.03762502889976347,-0.07704800006157242,32.735774993896484,3.741093873977661,0.07024706900119781,4
36,0.03813044757536526,-0.07644207621333185,,,,4
37,0.03623417180464896,-0.07574588975599761,,,,4
38,0.03665898611228376,-0.07381619912996618,,,,4
39,0.0376368898412823,-0.07451550419598404,,,,4
40,0.03566266828576419,-0.07352371492374414,31.418787002563477,3.6915719509124756,0.09985030442476273,4
41,0.03517181459583716,-0.07263446777756848,,,,4
42,0.0334026436638256,-0.072536740925167,,,,4
43,0.03651476286865051,-0.07159188953938962,,,,4
44,0.03335861291556461,-0.07128564642867513,,,,4
45,0.03343503130326523,-0.07047354172529571,31.185359954833984,3.787872791290283,0.07944217324256897,4
46,0.03387871992688829,-0.0701435569061509,,,,4
47,0.032948156664189716,-0.07025543382448982,,,,4
48,0.03432228932457329,-0.06941762918023951,,,,4
49,0.033771163829191805,-0.06832202706434302,,,,4
50,0.03470351921718492,-0.06879234299652096,30.533308029174805,3.7802836894989014,0.0696401447057724,4
51,0.03422406585062104,-0.06872610205917629,,,,4
52,0.03492164336059942,-0.06780575405361018,,,,4
53,0.03368529234074798,-0.06749599612652937,,,,4
54,0.03090441058206709,-0.06764588509601806,,,,4
55,0.03211673012755219,-0.0665507176105756,29.105995178222656,3.8023643493652344,0.08631160110235214,4
56,0.030679259314440318,-0.0666956117092418,,,,4
57,0.03336220017158235,-0.06614690364249996,,,,4
58,0.03257054991358166,-0.06605648752023628,,,,4
59,0.03249864527230571,-0.06621694621473964,,,,4
60,0.0323959490975858,-0.06584233222101897,29.388063430786133,3.7625434398651123,0.06615522503852844,4
61,0.033880259656062076,-0.06567158701003648,,,,4
62,0.033678343901117486,-0.06610282119900275,,,,4
63,0.031640189267712844,-0.0649164163745073,,,,4
64,0.031094354782238594,-0.06442010072293505,,,,4
65,0.03316297962329288,-0.0645050874284072,29.64682960510254,3.795153856277466,0.10989980399608612,4
66,0.03394600538847016,-0.06356984996977347,,,,4
67,0.031089309226396508,-0.06409053678605448,,,,4
68,0.03232869867974914,-0.06387772955588814,,,,4
69,0.029743118217093682,-0.06335203541818461,,,,4
70,0.03055643231029997,-0.06273073165129826,30.355680465698242,3.8859481811523438,0.09399938583374023,4
71,0.029277974720785877,-0.06327102827494656,,,,4
72,0.03045215764426623,-0.06271165331056304,,,,4
73,0.029985675790020153,-0.06269135122687387,,,,4
74,0.029894217457413563,-0.06169306206156121,,,,4
75,0.028766260617919537,-0.062229126211744805,29.620603561401367,3.789466619491577,0.07297726720571518,4
76,0.03015852186712312,-0.06157306387121993,,,,4
77,0.030373167606635196,-0.06175006882127537,,,,4
78,0.030742783562092382,-0.061121507418583465,,,,4
79,0.029062571215866733,-0.061201399381062775,,,,4
80,0.029752049016643994,-0.060705797621540984,30.5127010345459,3.868271589279175,0.05013230815529823,4
1,0.14051480178645523,-0.27454111616354804,128.7386932373047,2.6514530181884766,0.04541061818599701,5
2,0.1087531703053412,-0.22268300723749648,,,,5
3,0.07578293310817263,-0.15853515344501942,,,,5
4,0.06618975703080215,-0.14240127521206247,,,,5
5,0.06308617867656617,-0.13678756293422256,56.61373519897461,3.4639663696289062,0.0747533068060875,5
6,0.06127965326653048,-0.1302498895655065,,,,5
7,0.0608537230729359,-0.12532552272049569,,,,5
8,0.05903512938171744,-0.12022579059784033,,,,5
9,0.058615899514461584,-0.11697146030920165,,,,5
10,0.05410293163371391,-0.11392425818084526,43.805233001708984,3.552691698074341,0.08448845893144608,5
11,0.05604593675415128,-0.11153472265826982,,,,5
12,0.05310538911875417,-0.1091513258654509,,,,5
13,0.05177522391738597,-0.10655939540047528,,,,5
14,0.05280352794647757,-0.10334241714650565,,,,5
15,0.051242787965010306,-0.1013483749732391,38.0390510559082,3.6343541145324707,0.09216421097517014,5
16,0.04831097168965204,-0.09966044003897313,,,,5
17,0.048330739114481734,-0.09737626924363374,,,,5
18,0.04750430870910793,-0.09590756153665968,,,,5
19,0.04726238242398228,-0.09490942145551663,,,,5
20,0.04513160995751413,-0.09296232589948902,37.220157623291016,3.628248691558838,0.0694260448217392,5
21,0.0451939667412552,-0.09091047353032686,,,,5
22,0.044740948900992894,-0.0904133569135101,,,,5
23,0.044166512489905274,-0.08888885713994439,,,,5
24,0.04329738015728419,-0.08778881680383371,,,,5
25,0.04403432522151965,-0.08686128096096417,35.25702667236328,3.719212293624878,0.11384411156177521,5
26,0.043514483813305756,-0.08708734259709096,,,,5
27,0.04320205405221312,-0.08581832297774492,,,,5
28,0.041855576243017986,-0.0853938682515695,,,,5
29,0.04399617271112197,-0.08394568023473628,,,,5
30,0.04241143926439395,-0.08309588786473014,34.38823699951172,3.7301185131073,0.1005113497376442,5
31,0.04145370037598076,-0.08251689733259515,,,,5
32,0.03967510560167637,-0.08091040198932717,,,,5
33,0.0413233095947991,-0.08057825366311419,,,,5
34,0.041825510503010074,-0.08012871951930296,,,,5
35,0.041065817228826546,-0.0798112627639651,32.34954833984375,3.6579625606536865,0.08642268925905228,5
36,0.04093050478839314,-0.07861256366645322,,,,5
37,0.03912165247312903,-0.07797175271708912,,,,5
38,0.03921154351023363,-0.07675793125287192,,,,5
39,0.040169264390923505,-0.07585313042333566,,,,5
40,0.03800424770116627,-0.07570763125125092,32.00604248046875,3.7611083984375,0.0782228633761406,5
41,0.03682912316204624,-0.07551547027567726,,,,5
42,0.037480493258533795,-0.07476930592602701,,,,5
43,0.03684778901397498,-0.07393169399299197,,,,5
44,0.03660739312696856,-0.07350941126015169,,,,5
45,0.0372961146246121,-0.07205334736934785,30.523897171020508,3.7927086353302,0.09527657181024551,5
46,0.036915934698685024,-0.0730524788647413,,,,5
47,0.03586146403864431,-0.07244411757635301,,,,5
48,0.036993803711868466,-0.07227122067228325,,,,5
49,0.03660349427223436,-0.07197546525962706,,,,5
50,0.036008971973382965,-0.07100179998587773,31.15908432006836,3.810896396636963,0.12881974875926971,5
51,0.03567678166869948,-0.07100085236863686,,,,5
52,0.03486929130700706,-0.07091726820315597,,,,5
53,0.03496776686908266,-0.07012500965782902,,,,5
54,0.035531611753684314,-0.06952950474880676,,,,5
55,0.034749907902874286,-0.06972737870156256,30.62588119506836,3.808403730392456,0.10339018702507019,5
56,0.036896095384288036,-0.06921570188303258,,,,5
57,0.03539120271581294,-0.06892160607925284,,,,5
58,0.035230152863187154,-0.06891754077769331,,,,5
59,0.034317330863294984,-0.06835990472475073,,,,5
60,0.03387336661142626,-0.06738971618253622,30.517650604248047,3.800901174545288,0.09612152725458145,5
61,0.03254240738457067,-0.06710186095067411,,,,5
62,0.03418449678305704,-0.06631146926878133,,,,5
63,0.033143671579721604,-0.06651762706349855,,,,5
64,0.03537701252224709,-0.06585662611715472,,,,5
65,0.033394074008582415,-0.0657946815060227,29.715639114379883,3.7958176136016846,0.08417732268571854,5
66,0.03317501058236953,-0.06523531644824761,,,,5
67,0.034632978201252405,-0.06516563197798637,,,,5
68,0.032007449398362926,-0.06470117587377511,,,,5
69,0.03269722819971388,-0.06430081571298259,,,,5
70,0.032668079191042566,-0.06415059722228454,30.784378051757812,3.758028030395508,0.09685469418764114,5
71,0.03242202100541299,-0.06372246692670766,,,,5
72,0.02981794380327923,-0.06342252090636923,,,,5
73,0.03209229221077002,-0.06285307521503439,,,,5
74,0.030701751387012147,-0.06324365909838514,,,,5
75,0.032184259064635706,-0.06210687259269785,28.490522384643555,3.842287540435791,0.07382768392562866,5
76,0.030144950704328047,-0.06254822352608883,,,,5
77,0.03032178435439349,-0.06256969345648045,,,,5
78,0.03146498033994553,-0.0619928302678698,,,,5
79,0.02999062026897346,-0.06185076239726555,,,,5
80,0.030646121875221942,-0.06243786446774019,28.238481521606445,3.74688720703125,0.03837808966636658,5
1,0.13329634474368152,-0.2675755013301253,125.85530090332031,2.76806378364563,0.05568035691976547,6
2,0.1069229199732937,-0.21881874158517273,,,,6
3,0.07688005051596473,-0.16164729099327116,,,,6
4,0.06983336649838588,-0.1480044155851754,,,,6
5,0.06695739009612406,-0.1399332959932477,56.71696472167969,3.320375919342041,0.0690644234418869,6
6,0.06065119885995571,-0.1317562380191356,,,,6
7,0.05675759809583688,-0.12560771362758624,,,,6
8,0.055829799192482474,-0.12005579342773401,,,,6
9,0.0527758164018971,-0.11715665781669708,,,,6
10,0.05125528781990627,-0.11394643854337924,44.63594436645508,3.5328643321990967,0.09845976531505585,6
11,0.05167326299369777,-0.111435064622534,,,,6
12,0.04949881441246623,-0.10911312215865103,,,,6
13,0.04882489962045107,-0.1061434736246742,,,,6
14,0.048131350387859866,-0.10444307587285434,,,,6
15,0.047957823453635064,-0.1010643731735114,38.934696197509766,3.667046308517456,0.0908009260892868,6
16,0.04849985543513728,-0.09990440576219,,,,6
17,0.04824114081997965,-0.10051574819227294,,,,6
18,0.0497616974818555,-0.09913630720343254,,,,6
19,0.048913066804939793,-0.09760220802072019,,,,6
20,0.04674362606595577,-0.09738102113965227,35.948333740234375,3.6402225494384766,0.09593980759382248,6
21,0.04672249325010886,-0.0958434267718993,,,,6
22,0.04719148743999555,-0.09487146201564382,,,,6
23,0.04805832453744969,-0.09378174425221049,,,,6
24,0.04544184952975562,-0.09288207874131432,,,,6
25,0.04590833873817003,-0.09100317421469642,34.60733413696289,3.706113576889038,0.0984349176287651,6
26,0.0457006721436061,-0.0901705549876807,,,,6
27,0.04446742078426057,-0.08893704763837278,,,,6
28,0.04489034629678364,-0.08745762630660989,,,,6
29,0.044998231156318666,-0.08696827135002091,,,,6
30,0.04444635050828999,-0.08569482160511495,34.19464111328125,3.7280991077423096,0.08336938172578812,6
31,0.041896948089679996,-0.08497766001605236,,,,6
32,0.04243561152190869,-0.08449096876328757,,,,6
33,0.04088234426659952,-0.08333216161092419,,,,6
34,0.04243231325394403,-0.08153733955407982,,,,6
35,0.04165999341275038,-0.08099446434770158,31.80512237548828,3.770160675048828,0.08152535557746887,6
36,0.043042110952100414,-0.08079103214453544,,,,6
37,0.03941263064166597,-0.08029641367280368,,,,6
38,0.038464524747412195,-0.07919344727721228,,,,6
39,0.03795277252902646,-0.07960082155631472,,,,6
40,0.04001116320235394,-0.07773676022028465,32.95902633666992,3.711120367050171,0.07877230644226074,6
41,0.03856183390300562,-0.07817133253672844,,,,6
42,0.03738793294507565,-0.07634143226381428,,,,6
43,0.03715077249592681,-0.07658639023817972,,,,6
44,0.0368103432988901,-0.0759455321442133,,,,6
45,0.03627619068282423,-0.07586351580909884,31.399259567260742,3.843013048171997,0.09267866611480713,6
46,0.036657179007306695,-0.07550128404420811,,,,6
47,0.03659170181709148,-0.07423772474824428,,,,6
48,0.040565524622499786,-0.07428608041578703,,,,6
49,0.03888550907246204,-0.07386043753868551,,,,6
50,0.03393535829037865,-0.07487400453994915,30.58193588256836,3.8204667568206787,0.06405064463615417,6
51,0.03296661326684567,-0.07504787836064811,,,,6
52,0.035370604728478756,-0.07437721303571711,,,,6
53,0.03442043491307221,-0.07440013580397964,,,,6
54,0.030761358162796716,-0.07474367172440381,,,,6
55,0.032313067360414366,-0.07401063799134504,30.494497299194336,3.7320637702941895,0.1009964793920517,6
56,0.03482587315741501,-0.07414961006718995,,,,6
57,0.03364228682327626,-0.07380862301960985,,,,6
58,0.03246839006897062,-0.07281732208144194,,,,6
59,0.032162473907892015,-0.07265200101340084,,,,6
60,0.03367271624891169,-0.07256508820959573,30.357425689697266,3.8301541805267334,0.08524361997842789,6
61,0.03300699093572899,-0.07227674020869755,,,,6
62,0.031457815306751194,-0.07191729216400053,,,,6
63,0.03445736800279198,-0.07151519859223572,,,,6
64,0.032797591383057066,-0.07199728944246421,,,,6
65,0.033328123484229276,-0.07096181644162555,29.70107078552246,3.8763794898986816,0.0777168720960617,6
66,0.032810857083912834,-0.07086335424345738,,,,6
67,0.031852119159959294,-0.07031214834174009,,,,6
68,0.03314241518568657,-0.06994969137768353,,,,6
69,0.02957570051109436,-0.07039803916761371,,,,6
70,0.03122918714042117,-0.06995289102733422,29.351423263549805,3.838582754135132,0.09650877118110657,6
71,0.032206960245713456,-0.06875268774347633,,,,6
72,0.028927275428787994,-0.06898607807522172,,,,6
73,0.030866116157478456,-0.06844116107281396,,,,6
74,0.030166163904892566,-0.0677690386450119,,,,6
75,0.027670309229096916,-0.06866749372082816,29.348148345947266,3.8387787342071533,0.11148825287818909,6
76,0.027843922544732936,-0.06796551065016518,,,,6
77,0.026351050488907235,-0.06707483513743925,,,,6
78,0.029708055802819735,-0.06785032417120267,,,,6
79,0.028461790924172215,-0.06632239969492977,,,,6
80,0.027689634967672867,-0.0673881740057831,29.78119468688965,3.8201427459716797,0.04619115963578224,6
1,0.12909369958053257,-0.2589634226261377,126.19937896728516,2.6896283626556396,0.05047725886106491,7
2,0.10351213333748575,-0.2125380261062685,,,,7
3,0.07686142247640344,-0.16221647314417198,,,,7
4,0.07013822600306106,-0.15101186310119027,,,,7
5,0.06495898862788305,-0.14390468241978863,60.02521514892578,3.414215087890625,0.11102786660194397,7
6,0.06224341273992129,-0.13870433491347567,,,,7
7,0.05866243653762251,-0.13283543515326246,,,,7
8,0.05792136303782304,-0.12837178900185872,,,,7
9,0.05554531874016361,-0.1234058858061422,,,,7
10,0.05345448731989456,-0.1196020257717899,44.00343704223633,3.5460243225097656,0.0577666312456131,7
11,0.05173058664796947,-0.11509566708779004,,,,7
12,0.05180557688791106,-0.11190018165963946,,,,7
13,0.051786106254004954,-0.10885710940321583,,,,7
14,0.04949331079277219,-0.10503663539313965,,,,7
15,0.047962960759100774,-0.10369890176849152,42.00995635986328,3.5547845363616943,0.04919203743338585,7
16,0.04687807706220467,-0.1014208919473048,,,,7
17,0.04793614823780676,-0.09953904064449709,,,,7
18,0.046031648880059624,-0.09805776532679765,,,,7
19,0.04543784377587563,-0.09662532126540944,,,,7
20,0.0442895811342355,-0.09609267275418645,37.099674224853516,3.6461009979248047,0.04219995066523552,7
21,0.0432863598418588,-0.09416174554646715,,,,7
22,0.04264235661981087,-0.09314249177227789,,,,7
23,0.040999062106437216,-0.09184412848256059,,,,7
24,0.04063429161466423,-0.09001839617734403,,,,7
25,0.041195986715663255,-0.08920510038892512,36.39992141723633,3.7667853832244873,0.10531073808670044,7
26,0.039874568361671706,-0.08757099908803417,,,,7
27,0.03922771944541667,-0.08640138457033271,,,,7
28,0.0384590022418481,-0.08567750631665598,,,,7
29,0.03837032055636578,-0.08450631655975302,,,,7
30,0.03926480649794047,-0.08392266114118133,33.60873794555664,3.7013909816741943,0.06260573118925095,7
31,0.03927376120214091,-0.0828235069232155,,,,7
32,0.03623850036796636,-0.08233364083453329,,,,7
33,0.03637504016084988,-0.0815697221628121,,,,7
34,0.03565964263589534,-0.08075932323089786,,,,7
35,0.035845427494843984,-0.07975382486650504,34.78570556640625,3.773151397705078,0.10984791070222855,7
36,0.0351284072080154,-0.07880744028721191,,,,7
37,0.035439079458424734,-0.07883085801465915,,,,7
38,0.03623088229690622,-0.07839921521959207,,,,7
39,0.03478464783490372,-0.07760455963483107,,,,7
40,0.034965941365515035,-0.07649111430674568,33.276363372802734,3.7764523029327393,0.12176253646612167,7
41,0.03533184969983597,-0.07683554093533354,,,,7
42,0.034386455398843115,-0.07567136398374462,,,,7
43,0.03350353107778723,-0.07525652402111407,,,,7
44,0.03432871231110021,-0.07485575832450403,,,,7
45,0.03162202840644107,-0.0745948457965188,32.563594818115234,3.7570526599884033,0.06490491330623627,7
46,0.03325817561517057,-0.07402753252675211,,,,7
47,0.03390165853695278,-0.07307454541110878,,,,7
48,0.03429058433613236,-0.07286415523436943,,,,7
49,0.03490507767511891,-0.0726376971967415,,,,7
50,0.03315337733271171,-0.07174411817208298,32.16038513183594,3.7129688262939453,0.09346462041139603,7
51,0.033909594277471596,-0.07126434804949205,,,,7
52,0.03290783495889736,-0.07118434273899238,,,,7
53,0.0322499063034694,-0.07016077015465454,,,,7
54,0.03155347250047634,-0.0700827371448342,,,,7
55,0.03118707067179101,-0.06973709704964685,32.202476501464844,3.6894726753234863,0.06954634189605713,7
56,0.031024585688847497,-0.06929648838134178,,,,7
57,0.03098482266000125,-0.06840936475798186,,,,7
58,0.030585269020271977,-0.06833438388804489,,,,7
59,0.030839084342207557,-0.06736747947150767,,,,7
60,0.03199322216919442,-0.0675154651983332,31.31305503845215,3.7786080837249756,0.08046603947877884,7
61,0.030052891171814648,-0.06691961695331775,,,,7
62,0.030303480015275452,-0.0670768967387341,,,,7
63,0.029420916500214087,-0.06619234530607053,,,,7
64,0.028574278990150675,-0.06603697899892019,,,,7
65,0.0288916010150672,-0.06564053231522265,29.527606964111328,3.8204121589660645,0.050951115787029266,7
66,0.02828239029538773,-0.06580879290964904,,,,7
67,0.03013059467086201,-0.06456714255880394,,,,7
68,0.029178996100771293,-0.0651972169253335,,,,7
69,0.028145511341808024,-0.06455894359640912,,,,7
70,0.02898560381158262,-0.06450507262862798,30.528778076171875,3.8069961071014404,0.07146647572517395,7
71,0.028054720752454076,-0.0638113019832886,,,,7
72,0.028246844733425137,-0.06400652828138309,,,,7
73,0.027549855510695272,-0.0631166945252341,,,,7
74,0.028965919619235295,-0.0631313239748062,,,,7
75,0.029157021647496117,-0.06252217470899844,31.106691360473633,3.8228633403778076,0.09263626486063004,7
76,0.028229097998353155,-0.06324907945689677,,,,7
77,0.027503181489685447,-0.062359354760410345,,,,7
78,0.02830843822662833,-0.062025304331087376,,,,7
79,0.02652664899986571,-0.061123699277814324,,,,7
80,0.02886815604705586,-0.06120211711767643,29.87881088256836,3.859531879425049,0.09830006211996078,7
1,0.13534763223173735,-0.2740728101686136,122.4886703491211,2.7629635334014893,0.055795520544052124,8
2,0.10784017084824396,-0.22197950570153324,,,,8
3,0.07572569344699653,-0.15947200279989007,,,,8
4,0.06546158103044707,-0.1431080392038046,,,,8
5,0.06304730196657869,-0.13609918965505816,58.415279388427734,3.4474968910217285,0.09084464609622955,8
6,0.05900932309923946,-0.1295737391109146,,,,8
7,0.05778756001596454,-0.12405047917156108,,,,8
8,0.0545541461026137,-0.11737096635674463,,,,8
9,0.053567825863038446,-0.1127223792618087,,,,8
10,0.05234385659051473,-0.10872735205556693,46.07242965698242,3.546551465988159,0.09750623255968094,8
11,0.05223377654192275,-0.10520602879586571,,,,8
12,0.04861952067181873,-0.10146334882638752,,,,8
13,0.0476816026333634,-0.09916481766909392,,,,8
14,0.04607120202978518,-0.09667119659332354,,,,8
15,0.04462686466118231,-0.0936710032989274,39.890716552734375,3.5713813304901123,0.050028398633003235,8
16,0.04465122458765039,-0.0919376673691746,,,,8
17,0.04395744285266449,-0.08883354872894517,,,,8
18,0.04266198254076082,-0.0876573481922025,,,,8
19,0.039208164351821846,-0.08633037584584322,,,,8
20,0.03933099439934695,-0.08426855992736532,36.300621032714844,3.699451208114624,0.06969573348760605,8
21,0.03713284229850764,-0.08299668888256288,,,,8
22,0.03756942008629445,-0.08148259149512461,,,,8
23,0.03547271260650771,-0.08064618886010115,,,,8
24,0.037129420501835,-0.07864888431057096,,,,8
25,0.035547666614447804,-0.07799154436941336,33.75740051269531,3.7677063941955566,0.09814393520355225,8
26,0.035945507075802574,-0.07696490920483748,,,,8
27,0.03495276601773387,-0.07628286487980485,,,,8
28,0.03403610009647878,-0.07541217160756077,,,,8
29,0.03268599114616838,-0.07418523247780133,,,,8
30,0.03454523000743423,-0.07436008848897961,32.004371643066406,3.783442735671997,0.07358057051897049,8
31,0.03649506078269671,-0.07338500446704561,,,,8
32,0.03555044991258937,-0.0730127872742132,,,,8
33,0.035497885183547996,-0.07181234287620863,,,,8
34,0.035254967154245705,-0.07109271960378712,,,,8
35,0.033811115830855415,-0.07084389011054563,32.60361099243164,3.742682695388794,0.06464958935976028,8
36,0.034145531408576214,-0.0707794884348978,,,,8
37,0.03410983376770023,-0.07013972440939258,,,,8
38,0.033870309146442686,-0.06934570304437152,,,,8
39,0.03361916381034805,-0.0694754475900623,,,,8
40,0.03333928606352642,-0.0684489322410799,31.103618621826172,3.7886924743652344,0.06819171458482742,8
41,0.03149864215377953,-0.06865698792509488,,,,8
42,0.03206053517461658,-0.06792188743318221,,,,8
43,0.032244970639094137,-0.0675216776993734,,,,8
44,0.03303070631590865,-0.06709451518213355,,,,8
45,0.03216992267168931,-0.06718825616077655,32.33220291137695,3.700793504714966,0.0836658626794815,8
46,0.029554801518216794,-0.0662663432708847,,,,8
47,0.03117694061750441,-0.06558199397615269,,,,8
48,0.030786505454230315,-0.06575608156669166,,,,8
49,0.03135748277691649,-0.06462997214803065,,,,8
50,0.029551494207999518,-0.06412059861645818,30.213233947753906,3.7840042114257812,0.09220654517412186,8
51,0.029859690218537713,-0.06399690669542825,,,,8
52,0.029589872621645873,-0.06370800832165216,,,,8
53,0.031146504319264984,-0.06292457877794477,,,,8
54,0.030436341013667934,-0.06358230503210391,,,,8
55,0.02977430038121822,-0.06307510344814529,30.218931198120117,3.846515655517578,0.07777687162160873,8
56,0.02846158787435698,-0.06290777281459457,,,,8
57,0.030294318628281736,-0.06232207559899943,,,,8
58,0.030063722896220196,-0.06210772381656134,,,,8
59,0.029440202376916566,-0.062017097280001945,,,,8
60,0.02960974312789456,-0.06199568556770762,29.151750564575195,3.8815994262695312,0.09703250229358673,8
61,0.0293476220310776,-0.061685035211454554,,,,8
62,0.027182256471934223,-0.0609298919833473,,,,8
63,0.025786869664350474,-0.06101232451230701,,,,8
64,0.025777770014004654,-0.06024861625985122,,,,8
65,0.024914664701444843,-0.060654863063146616,29.376981735229492,3.9052765369415283,0.09340759366750717,8
66,0.025153798547279182,-0.0597045175833558,,,,8
67,0.025704014093044594,-0.059814888828910145,,,,8
68,0.025295355112968747,-0.05955422096542831,,,,8
69,0.026055103330897802,-0.05927833334593502,,,,8
70,0.025179621104668853,-0.06010455244271484,29.231246948242188,3.9105224609375,0.11818639934062958,8
71,0.02460886755179944,-0.05895190617206766,,,,8
72,0.024852006522100716,-0.058333282699866124,,,,8
73,0.024777709241069878,-0.059192162884743195,,,,8
74,0.024942751326190712,-0.05805884601832581,,,,8
75,0.024190832015545394,-0.05852845906137848,29.171640396118164,3.9046998023986816,0.10209919512271881,8
76,0.02254140674934962,-0.05736944541581603,,,,8
77,0.024127281046973932,-0.05742644628543673,,,,8
78,0.02388853065444906,-0.057884480958265774,,,,8
79,0.025184525244222235,-0.05722854386025139,,,,8
80,0.02421437719416394,-0.056551403394729305,29.060155868530273,3.9005355834960938,0.09597586840391159,8
1,0.1333177230550906,-0.2625396251559194,128.23883056640625,2.705439329147339,0.03970716893672943,9
2,0.11664652486859543,-0.23292573685325452,,,,9
3,0.08693251879167671,-0.16694929362488403,,,,9
4,0.07493725942404048,-0.15111868997107447,,,,9
5,0.07065967898932658,-0.14248923318045117,56.99260711669922,3.42496657371521,0.08413377404212952,9
6,0.06571499846841873,-0.13648038402024812,,,,9
7,0.06387621466181735,-0.12987219895312727,,,,9
8,0.06112344562510384,-0.12496061726466315,,,,9
9,0.06227596611626399,-0.1201567022068269,,,,9
10,0.058548844062595,-0.11676441778686283,44.72273254394531,3.4668610095977783,0.06082288175821304,9
11,0.05591752438477003,-0.11268560358560709,,,,9
12,0.05470206998817905,-0.11009105497706789,,,,9
13,0.053520732124414584,-0.10667533797222878,,,,9
14,0.053364077128724395,-0.10431395471891192,,,,9
15,0.052797317129297416,-0.10210408483459957,39.88092803955078,3.5838966369628906,0.09775026887655258,9
16,0.051612994683684785,-0.10068914432201849,,,,9
17,0.05178820227199257,-0.09821310742751257,,,,9
18,0.05109978553139791,-0.09651250268949897,,,,9
19,0.048630282378744574,-0.09469687292231058,,,,9
20,0.048779297916128186,-0.09303756996893832,37.0810546875,3.6371288299560547,0.09753228724002838,9
21,0.04945345254979726,-0.09146446940213791,,,,9
22,0.04877570598939605,-0.09049881435731941,,,,9
23,0.04707575683134609,-0.08955803181948249,,,,9
24,0.04720090566776502,-0.08741170698687387,,,,9
25,0.04608221920646962,-0.08639427795688141,35.261802673339844,3.773024082183838,0.07379303872585297,9
26,0.0468922390233777,-0.08472841890606325,,,,9
27,0.04626211932171514,-0.08427186627159633,,,,9
28,0.04459359310356167,-0.08369351467445668,,,,9
29,0.04296427356847537,-0.0832044360175204,,,,9
30,0.04413700755126476,-0.08179188539992656,34.15134048461914,3.7039895057678223,0.08695797622203827,9
31,0.0431630110933188,-0.08156052416264056,,,,9
32,0.04124239989342178,-0.08038577653682347,,,,9
33,0.04127507428305667,-0.07945968373703473,,,,9
34,0.04147570637457784,-0.07989010012439246,,,,9
35,0.042102018054281515,-0.07894634122671032,34.41263961791992,3.745441198348999,0.09069067239761353,9
36,0.04103720635662736,-0.07864684909741168,,,,9
37,0.03979020569910342,-0.0778983504796677,,,,9
38,0.03926237491955891,-0.07711780719307978,,,,9
39,0.03981338897118645,-0.07641973526573868,,,,9
40,0.03944685964362066,-0.07613515851496377,31.04303550720215,3.792659044265747,0.0722428560256958,9
41,0.039785041748754794,-0.07530789465515247,,,,9
42,0.03904544333209211,-0.07473373039364178,,,,9
43,0.03790633031931182,-0.07444638228332157,,,,9
44,0.03730310810684637,-0.07413609436411996,,,,9
45,0.03943031364723865,-0.07364982647449574,30.6936092376709,3.8505923748016357,0.06733208149671555,9
46,0.03863343308675287,-0.07288770493529459,,,,9
47,0.03699241814764143,-0.07292997395756914,,,,9
48,0.037636378508785755,-0.07149005003011087,,,,9
49,0.03690579951715456,-0.07162358713104701,,,,9
50,0.03635711171873025,-0.07151113254323267,30.917827606201172,3.8425133228302,0.11327996104955673,9
51,0.037453067269680174,-0.07126306542051258,,,,9
52,0.03627373456603101,-0.07103011862095544,,,,9
53,0.035224205973332506,-0.0713455982172311,,,,9
54,0.037425472407791614,-0.07068336526232125,,,,9
55,0.03619395451296693,-0.06962668350246698,29.295028686523438,3.787954092025757,0.07167920470237732,9
56,0.0360539728489117,-0.06927546197618084,,,,9
57,0.034834282523855516,-0.06893721372167418,,,,9
58,0.03490453269927769,-0.06904493069938178,,,,9
59,0.03553873785011562,-0.06838766310419668,,,,9
60,0.036447573960097776,-0.06837960689556223,30.368486404418945,3.726566791534424,0.10785391181707382,9
61,0.0357980229566321,-0.06760965334400613,,,,9
62,0.034591232362231134,-0.06736126640292725,,,,9
63,0.0333119279767979,-0.06787336651104618,,,,9
64,0.035140368683979795,-0.06642197250023786,,,,9
65,0.033751072053695166,-0.06708362261519202,30.347034454345703,3.733696460723877,0.07938055694103241,9
66,0.03376826243410473,-0.0662298077556405,,,,9
67,0.03352626170759291,-0.06592989004373137,,,,9
68,0.034738902753992294,-0.06565382494218448,,,,9
69,0.0325148623383762,-0.06550391188453934,,,,9
70,0.03386153819674592,-0.06564418524265161,29.651506423950195,3.77734112739563,0.07589469850063324,9
71,0.03221684794268186,-0.0645902737042804,,,,9
72,0.03346018306500991,-0.06426055874405161,,,,9
73,0.03164178733462955,-0.06465934349369087,,,,9
74,0.03277964706683239,-0.06407223033779395,,,,9
75,0.03272732203426744,-0.06343108266711299,29.22295570373535,3.7234394550323486,0.06165071204304695,9
76,0.03345946025333428,-0.06354818551472151,,,,9
77,0.03261734573098482,-0.0631615355215259,,,,9
78,0.03217911064846435,-0.06283144772712741,,,,9
79,0.03299788262107655,-0.0624879552319789,,,,9
80,0.03199324690403363,-0.06127763299814156,28.942609786987305,3.6598644256591797,0.06457015126943588,9
1,0.138612670694766,-0.26741534473499723,123.7234878540039,2.7508816719055176,0.06041857600212097,10
2,0.11158911473134665,-0.21930551528930664,,,,10
3,0.0823826175026512,-0.16085682212193214,,,,10
4,0.07536871876496039,-0.14505699482868678,,,,10
5,0.07173503477975185,-0.13787673338214004,57.54694747924805,3.449788808822632,0.070945143699646,10
6,0.06791499048695585,-0.13162310770538854,,,,10
7,0.0650029680538841,-0.12623916253081763,,,,10
8,0.06227417167931151,-0.1195354828632883,,,,10
9,0.059729499195969746,-0.11563367683643211,,,,10
10,0.061048942965205875,-0.11208187564491844,44.472496032714844,3.4813790321350098,0.07126462459564209,10
11,0.05952136465616668,-0.10999772191970046,,,,10
12,0.060890476286447066,-0.106779051549025,,,,10
13,0.0588321069898054,-0.10448322060300294,,,,10
14,0.05515944386987471,-0.10146114516013333,,,,10
15,0.05416954347288302,-0.09980830611420542,39.19900131225586,3.520744800567627,0.06154130771756172,10
16,0.052588680143574436,-0.09731454014173821,,,,10
17,0.05442463288746134,-0.09515165417130118,,,,10
18,0.05444247929529429,-0.09271463616616953,,,,10
19,0.05211066783196119,-0.09161376697483414,,,,10
20,0.051353923126477685,-0.08910997974086979,35.860286712646484,3.6290409564971924,0.05255924537777901,10
21,0.0506489944927297,-0.08790507960344963,,,,10
22,0.04901206003153635,-0.08710996581593343,,,,10
23,0.04892187375225437,-0.085134800666647,,,,10
24,0.047934852490795966,-0.08396217261968834,,,,10
25,0.04818300898867712,-0.08379170204748339,34.54660415649414,3.7298221588134766,0.04506601765751839,10
26,0.044900945606199165,-0.08265328592955748,,,,10
27,0.045504520152742194,-0.08127584084947946,,,,10
28,0.045543351779187946,-0.07987019321866326,,,,10
29,0.04474277994553225,-0.07912249157052158,,,,10
30,0.04432244879691071,-0.07787431107005034,32.54042434692383,3.7826249599456787,0.053631741553545,10
31,0.04441097370133185,-0.07683994076756429,,,,10
32,0.04363219464819465,-0.07684164008040184,,,,10
33,0.04404735613739557,-0.07566779443403764,,,,10
34,0.04258221402710151,-0.07449437053267831,,,,10
35,0.043620944086496055,-0.07444726275389452,31.155656814575195,3.7554497718811035,0.06890126317739487,10
36,0.04188149262370249,-0.07349756435394732,,,,10
37,0.04275988521521042,-0.07339273893305179,,,,10
38,0.04216108995235327,-0.07229132922873172,,,,10
39,0.0410610503849316,-0.0718708112080489,,,,10
40,0.04061770792357254,-0.07150732435230385,31.882322311401367,3.808713912963867,0.07174628973007202,10
41,0.04092303027643394,-0.07176422538472342,,,,10
42,0.040339707448733664,-0.07085532724078081,,,,10
43,0.04205612216396764,-0.06929443623341834,,,,10
44,0.04026342762185394,-0.06927371777896248,,,,10
45,0.040101150220350476,-0.06882764429267468,31.238183975219727,3.8239991664886475,0.05693717673420906,10
46,0.039273290873866475,-0.06790213017518709,,,,10
47,0.03941771848844871,-0.0671130514871667,,,,10
48,0.03934842116417355,-0.06695389081679261,,,,10
49,0.03703893419094741,-0.0670112465948598,,,,10
50,0.03806609473948585,-0.06619966338242513,29.463890075683594,3.836934804916382,0.10439018905162811,10
51,0.037283344383763,-0.06524439748444195,,,,10
52,0.036997581173749315,-0.06618973651747821,,,,10
53,0.03622094056726331,-0.06533883494327963,,,,10
54,0.038107673217753185,-0.06478038098635261,,,,10
55,0.036654511136696113,-0.06372265370608395,29.577184677124023,3.814190626144409,0.07512196153402328,10
56,0.03644208068658251,-0.06374110907252596,,,,10
57,0.03799050185233534,-0.06334968416562965,,,,10
58,0.03733653933721273,-0.06369187110655304,,,,10
59,0.0352043146709837,-0.06254134568104494,,,,10
60,0.036681264009860444,-0.06263638314022707,29.970369338989258,3.7683074474334717,0.09993782639503479,10
61,0.036205017052241974,-0.06169571300914855,,,,10
62,0.03545270905500226,-0.061509861500502395,,,,10
63,0.037392755765110065,-0.06201929743068736,,,,10
64,0.03660694313540721,-0.06130530527746156,,,,10
65,0.035500682212547534,-0.06066944350745915,29.007606506347656,3.8338024616241455,0.0780213251709938,10
66,0.03517770239988415,-0.06049798521846374,,,,10
67,0.033292384736568904,-0.06086581002765811,,,,10
68,0.03377547231751316,-0.059523085764387626,,,,10
69,0.03422467210061705,-0.05919620965129379,,,,10
70,0.033873984259811675,-0.0590689822737219,29.067148208618164,3.8098626136779785,0.09751266986131668,10
71,0.03390653128797842,-0.05883337604627411,,,,10
72,0.0359605141175392,-0.05819478094887899,,,,10
73,0.033586367360180044,-0.058232443496632605,,,,10
74,0.03560363819669602,-0.05749701770775919,,,,10
75,0.03457825722190499,-0.05756595418584735,28.39680290222168,3.8579604625701904,0.041842468082904816,10
76,0.03165548680245324,-0.05693910724166363,,,,10
77,0.03354378565368138,-0.05699123239806647,,,,10
78,0.03468163142921532,-0.05650538979982808,,,,10
79,0.0330203574220625,-0.05563602487983037,,,,10
80,0.03304502158177263,-0.055675732176611745,29.550315856933594,3.767014741897583,0.0956742987036705,10
