epoch,loss_G,loss_D_A,loss_D_B,loss_GAN,loss_cycle,loss_identity,fid_AB,fid_BA,lr
1,8.858654299708881,0.3311334225743044,0.3358153994976597,0.8270943951852422,0.5543474518457269,0.49761708112939884,231.2611541748047,185.9585723876953,0.0002
2,7.249699118092905,0.2575425010126987,0.2568466526851921,0.7780661285800953,0.44846104230216255,0.3974045121254467,,,0.0002
3,6.59657456713406,0.24710000892762932,0.2528051163149418,0.7680832342965797,0.4047236260505607,0.35625101394870917,,,0.0002
4,6.283165832731043,0.23847384812260985,0.2518994733471866,0.8074382701386004,0.38084540481773277,0.3334547026965756,,,0.0002
5,6.105672497978622,0.23289865588401906,0.24747510536247544,0.8216989494428785,0.3666552843067199,0.32348414011102194,,,0.0002
6,5.878151125482067,0.23284578564283423,0.2472653721474747,0.811368123113641,0.3519063020331586,0.30954399662525545,,,0.0002
7,5.62240668157366,0.23473516528305466,0.24054433582707055,0.811914853780906,0.3330173103743844,0.29606374650023753,,,0.0002
8,5.446932895377761,0.23323984906969408,0.2454331624700932,0.8032203963770366,0.32150526697198123,0.2857319660287376,,,0.0002
9,5.418455154785815,0.2225940690811822,0.2330485496640761,0.8350001770100018,0.31748640576744924,0.2817181831735741,,,0.0002
10,5.372327779998256,0.22958355561498336,0.2275958131044606,0.8198073468554008,0.3157504847286026,0.27900311517528276,212.73658752441406,184.1560821533203,0.0002
11,5.186519726686787,0.2309112596463584,0.23230600965934073,0.806585623154287,0.30235763657490805,0.27127154719841257,,,0.0002
12,5.210525235671174,0.229404557845441,0.23152233033886105,0.8085571364723548,0.30505532535182367,0.27028296784049044,,,0.0002
13,5.070047934460102,0.22742906662290943,0.22941061972537177,0.8170400992752408,0.2933432072386423,0.2639151548745588,,,0.0002
14,4.900038060542997,0.23208087788925846,0.23034404752313564,0.8013743698099761,0.28320042833583514,0.2533318818390545,,,0.0002
15,4.747562097964975,0.2344481587241805,0.22765384821387571,0.7814236329219526,0.27397442720940113,0.24527883867461736,,,0.0002
16,4.820422666931527,0.2329627079916597,0.22581782438577508,0.7973437154842897,0.27834200388930147,0.24793178247428618,,,0.0002
17,4.741842847810994,0.22890017822684613,0.2253962766316969,0.8109068695064616,0.2723159007399075,0.24155539571800222,,,0.0002
18,4.610062012377618,0.23275817215069763,0.22336663905681056,0.7995635689299286,0.2629604540012185,0.23617877924524183,,,0.0002
19,4.64345697004264,0.2271764898605067,0.22184662856307827,0.8032923367119397,0.2652818957038436,0.237469135091747,,,0.0002
20,4.551273851095168,0.22740107530525083,0.21940732979735722,0.8119329617772767,0.25766094858091876,0.2325462793914914,187.31935119628906,155.47061157226562,0.0002
21,4.666884092634162,0.2254414098562126,0.21958741842256357,0.8208190461107044,0.26572492155698846,0.23776316579880963,,,0.0002
22,4.47654154724181,0.22889230881248243,0.22087358804721244,0.8326866816696404,0.2509368582317008,0.22689725710874217,,,0.0002
23,4.408613773042718,0.2264010780020247,0.21485567533422967,0.8238102271787318,0.24775453392960958,0.22145164088219024,,,0.0002
24,4.392771014287497,0.22717317780141624,0.21572684750904103,0.8182644925141475,0.24716913894593892,0.2205630247869599,,,0.0002
25,4.395759330062567,0.22644387823698622,0.2188214907784589,0.8105293866301776,0.24734070861275226,0.22236457192891948,,,0.0002
26,4.3358764150074816,0.2299297388288411,0.21143231621163808,0.8066918298499741,0.24366499962499027,0.2185069188490232,,,0.0002
27,4.305993416826437,0.2237441571277655,0.21271077984024545,0.8317077802430192,0.23941197932146716,0.21603316693796143,,,0.0002
28,4.232047751326556,0.22444378752791497,0.21967083643993932,0.8101683950693264,0.23674908833134045,0.2108776926321651,,,0.0002
29,4.199048347632246,0.22639509875937872,0.2132234202206164,0.8150514937769091,0.2338681297268905,0.2090631113026631,,,0.0002
30,4.202801497808499,0.22295867406577602,0.2107323884609374,0.8142577496131514,0.23394999089372054,0.20980876748531443,180.61375427246094,151.55215454101562,0.0002
31,4.154325772899407,0.22468735644880816,0.21373130986878286,0.8219092232234578,0.23021901494679906,0.20604528061921276,,,0.0002
32,4.094310432701747,0.22493166183107793,0.2116980223575565,0.8021237164648054,0.22802820038397717,0.20238094292105824,,,0.0002
33,4.111450705724796,0.22156872641627876,0.21028166369949053,0.8294883719969895,0.22685504234574144,0.20268238272967587,,,0.0002
34,4.091922157763031,0.21675487170845884,0.20447632539615226,0.825371181188376,0.22512298959130977,0.20306421781984232,,,0.0002
35,4.061827896621674,0.22021559514178438,0.2098102898202595,0.8351128266446138,0.22263595505715353,0.20007110530395386,,,0.0002
36,3.990626936220912,0.22246745563093007,0.21185663332239568,0.8152309592385522,0.21922998454959167,0.19661922659999137,,,0.0002
37,4.03340405067822,0.21670732271361282,0.20761418313160904,0.8376296303427839,0.22043888806068393,0.19827710910973534,,,0.0002
38,4.005604645337862,0.22120904013463338,0.20406569225368135,0.8292799361262168,0.21941053895124393,0.19644386376874837,,,0.0002
39,3.9806515513037324,0.2151830194881725,0.20375020543188296,0.8606621814604714,0.21544771662696655,0.19310243866452992,,,0.0002
40,3.927112267342587,0.21584481868428618,0.20509150979896026,0.84963391687615,0.21244512460358125,0.19060542120052623,183.86386108398438,142.74635314941406,0.0002
41,3.9061667762396963,0.21612528423843605,0.20473307512254546,0.8388131729403001,0.21249136352094514,0.18848799545614012,,,0.0002
42,3.8772799111208105,0.2159304365084321,0.2080447853079488,0.8375168973113885,0.20981971039944003,0.1883131833756169,,,0.0002
43,3.7998369247803394,0.21772634867721322,0.20968274327801126,0.8271391691239706,0.20538775652091332,0.18376403857640358,,,0.0002
44,3.8006467295114144,0.21205812776909083,0.2059818835137549,0.8411915315583831,0.20505982975204046,0.18177137920181463,,,0.0002
45,3.8161677202836803,0.21455850122611644,0.20279655697681484,0.8489834633934603,0.20493168093563882,0.1835734906868682,,,0.0002
46,3.765333059023594,0.21352074840366547,0.20828833226553212,0.8289621909010984,0.2036223123334458,0.18002954795883494,,,0.0002
47,3.749334849366028,0.21261698571495324,0.20493277333954657,0.8421925319700526,0.2009395515880711,0.17954935989652462,,,0.0002
48,3.7437461805296834,0.2153373135471309,0.2032586293143309,0.8484801536497237,0.20046911290659403,0.1781149809856527,,,0.0002
49,3.76743055934176,0.21075961245287858,0.20382013355068299,0.8652139669896576,0.20124545876188998,0.17795239935123652,,,0.0002
50,3.750682565485062,0.20841043356758515,0.20088491266203992,0.8507145019988434,0.20028349212475918,0.1794266278935017,194.7987060546875,136.58090209960938,0.0002
51,3.6648054892696273,0.21455344444979804,0.2035117120581649,0.8576991143503881,0.19439456100055585,0.1726321540151424,,,0.0002
52,3.694608362196004,0.2122349781994146,0.20128188756595242,0.8542253901639092,0.19710101112650233,0.17387457171471477,,,0.0002
53,3.6588947811585295,0.2088243628068808,0.20409312415995998,0.8527144766005964,0.19453458735121595,0.1721668868920637,,,0.0002
54,3.683314755807564,0.20742782821716108,0.19872493159219667,0.8575290385067054,0.19555145137238666,0.1740542409449845,,,0.0002
55,3.6195288749157624,0.20919063835933996,0.20326314195698095,0.8572141088406401,0.1922240550022013,0.1680148445047855,,,0.0002
56,3.6034569308615056,0.2100767767910459,0.20241139789310242,0.8667343352154497,0.18975019394269285,0.1678441307773417,,,0.0002
57,3.5978788101170083,0.20865249979447745,0.19961451710922912,0.8625837122697942,0.1900992585790286,0.1668605034525659,,,0.0002
58,3.549858690712005,0.20691776806095633,0.20258997726940547,0.8660902006001421,0.18610363470443447,0.16454642894472177,,,0.0002
59,3.5872889537221666,0.20714393018820745,0.19875597427722516,0.8623276151519295,0.18906988553754012,0.166852497492969,,,0.0002
60,3.561165992481318,0.2077049639192981,0.20006448150017428,0.8590901567800824,0.1873705903172376,0.16567398648676157,189.9145965576172,133.6165008544922,0.0002
61,3.5468429635855587,0.2071237272863533,0.2005827101815759,0.8571812527599699,0.187157447427014,0.16361744857966257,,,0.0002
62,3.5265927989770667,0.20726057946667353,0.2011589646372319,0.8646988803785847,0.1848655032748914,0.16264777727812615,,,0.0002
63,3.5087283229687496,0.20952827348881076,0.20041734976757966,0.8534050279820632,0.18499355312798746,0.16107755285249958,,,0.0002
64,3.516225242989103,0.20431030495412159,0.19854440816090432,0.8749873190240841,0.18447170255959794,0.15930417819100343,,,0.0002
65,3.50140827397018,0.20727428693737437,0.19846033704877486,0.8761351560850256,0.18293682874799125,0.15918096484318447,,,0.0002
66,3.449977281166129,0.2039302424696787,0.1943373305428777,0.8793946447854422,0.17877942390951956,0.15655767953460187,,,0.0002
67,3.4751461056427586,0.20448642845930015,0.1951438285158152,0.8816716511230239,0.180674617888883,0.15734565446666926,,,0.0002
68,3.4727472443575946,0.20419958833937732,0.1968126945267043,0.8866661359447259,0.179456463015992,0.1583032958845629,,,0.0002
69,3.43791655960682,0.20383202057547495,0.19736465747021248,0.8785967263918629,0.17811399339254985,0.15563598144305935,,,0.0002
70,3.409984294518872,0.2034855004549904,0.1967164917087678,0.8923036816499769,0.17535915518941778,0.15281781150252943,175.24061584472656,144.04029846191406,0.0002
71,3.4464333508971627,0.20343366436755342,0.19117790431522702,0.8942907447318919,0.17751654844376477,0.1553954243791583,,,0.0002
72,3.445477779994886,0.19980602755491877,0.19746806938658168,0.8951583550155339,0.178048343160962,0.15396719821477428,,,0.0002
73,3.3754847839372313,0.20318853694276556,0.1925010645270377,0.8894544512881615,0.17341294237599875,0.1503801810773596,,,0.0002
74,3.3845177873661987,0.20160464967497724,0.19329420744027426,0.8906736759225801,0.17350455746420232,0.15175970662769087,,,0.0002
75,3.4585634523799773,0.20278356455346905,0.1932936581884446,0.8911843506054509,0.17891422973560048,0.15564736100946489,,,0.0002
76,3.4644324184048982,0.19559343787087485,0.18542492206521896,0.9382683404586968,0.17622935913788323,0.1527740978969442,,,0.0002
77,3.3662130308572396,0.2002497098890295,0.1910044595716161,0.8999088610411861,0.17176046573407985,0.14973990227277661,,,0.0002
78,3.4042686166660356,0.20008010662163556,0.18680112498197285,0.9156614123195614,0.17374724934976163,0.15022694244907694,,,0.0002
79,3.3925005405761075,0.1988020516471376,0.19120021516839233,0.9150127796958895,0.17259870415463882,0.150300145449009,,,0.0002
80,3.334096303631911,0.19930965589017582,0.18966483647027532,0.9006686658544559,0.16999247611680374,0.1467005750411158,159.42343139648438,132.14678955078125,0.0002
81,3.308948595928608,0.20198460744001095,0.18837942653157408,0.9040987143718927,0.16802592457101204,0.14491812636942344,,,0.0002
82,3.390640038269425,0.1973022494092218,0.1878366477520619,0.9131121470047283,0.17384194908800724,0.14782168000380821,,,0.0002
83,3.338682505871527,0.20064059662119915,0.18881481897425897,0.9108232944706588,0.16947224059154053,0.14662736123455167,,,0.0002
84,3.3049715655591703,0.1953943772159217,0.1855511191512172,0.9191761470899732,0.1670649796651203,0.14302912557002256,,,0.0002
85,3.3292680062770375,0.19849343924354523,0.18915799218463009,0.9211412948264692,0.16830291731376293,0.14501950783806764,,,0.0002
86,3.3001114497357893,0.20049614768193796,0.1886071241858312,0.9071168999413396,0.1671790995427624,0.14424071070885283,,,0.0002
87,3.333635356054222,0.19621149921594178,0.18798251241862307,0.9258396791785927,0.16874089927007688,0.1440773388339797,,,0.0002
88,3.2909368149080733,0.19719160524753523,0.18683742549932097,0.9288793998360049,0.16513425978933396,0.14214296313596778,,,0.0002
89,3.2999997388158393,0.19793708064941593,0.18717429468680585,0.9166287499771502,0.16704580282117948,0.14258259183145014,,,0.0002
90,3.276239467088327,0.19764437081550007,0.18480720509198276,0.9148175678233286,0.16490370038096172,0.14247697934698428,169.11920166015625,124.54078674316406,0.0002
91,3.2887075493684343,0.19405629493157225,0.1825984831738548,0.9366295290589918,0.16542251895056623,0.1395705666126166,,,0.0002
92,3.2459702867287064,0.19907382525452455,0.18830197579771193,0.9282376147638476,0.16223376968160813,0.13907899498442322,,,0.0002
93,3.2223138131852003,0.19638969614677737,0.1889479388779905,0.9191028781973696,0.16195887083715968,0.13672444512802556,,,0.0002
94,3.253365222558423,0.19512291363384704,0.18613699830929595,0.9260809612081142,0.16350770083651808,0.13844145033819286,,,0.0002
95,3.2222636885451146,0.19533608602844288,0.18443931082777232,0.9341464085071197,0.16058347435618758,0.13645650651141403,,,0.0002
96,3.226624698353469,0.19655633162454839,0.18324350676260764,0.9310861042279374,0.1615497854275956,0.13600814827627358,,,0.0002
97,3.2002614575115573,0.19623180186893274,0.18706578216437794,0.9311605467003157,0.15903330956959513,0.1357535621749056,,,0.0002
98,3.208107391096308,0.19718230954235214,0.18495516953724817,0.927078673544763,0.1601647445173446,0.1358762545304572,,,0.0002
99,3.17668065601289,0.19635672450350766,0.18413218914716706,0.9298019731331386,0.15784061529744012,0.13369450558770277,,,0.0002
100,3.211535465378055,0.19161700131417314,0.18088320005681435,0.9542429298601159,0.15842670047979243,0.13460510606503698,155.19638061523438,123.72428894042969,0.0002
101,3.2297941730581625,0.1939581341153126,0.18314183301221984,0.9402136451567471,0.16080849842918749,0.13629910958175923,,,0.0002
102,3.168128189324631,0.19336262828797482,0.1816048668450708,0.9388300720328087,0.15576202106516776,0.1343355813923715,,,0.00019800000000000002
103,3.147140813762938,0.18993184527599777,0.18011530532051057,0.9467481195020021,0.15494195089636187,0.13019463656080835,,,0.000196
104,3.1639248091760397,0.191887520045276,0.17971829514149887,0.9421645261500838,0.15602128329057105,0.13230949163188294,,,0.000194
105,3.1964147268731415,0.18968982385860808,0.18144325261992256,0.9595272582722599,0.15752902774686786,0.13231943734172985,,,0.000192
106,3.1331856558437554,0.18882061573068984,0.18075513510879812,0.949141727828067,0.15399662308738557,0.12881553930553066,,,0.00019
107,3.1151739574157222,0.18924315967089822,0.18133608888107206,0.9453764249871359,0.1531129756885726,0.12773355510784085,,,0.000188
108,3.1094688748003105,0.18906835187683513,0.17538679456219472,0.9519010536570076,0.15237029782981704,0.12677296936161034,,,0.000186
109,3.157429879383203,0.18897678512235386,0.17570550847612137,0.9618183191101615,0.1551650930579909,0.12879212528569542,,,0.00018400000000000003
110,3.0877632931006436,0.1886132997337279,0.17996689253710613,0.950968295584366,0.15089091548186173,0.12557716711156502,166.124267578125,130.54827880859375,0.000182
111,3.0796034912833754,0.1879728667847483,0.1783663590673551,0.9556247200944824,0.1497635556580508,0.12526864211520106,,,0.00018
112,3.061961176000002,0.188443960064439,0.17744381325840364,0.9602821718049588,0.1486716072373933,0.12299258676490091,,,0.00017800000000000002
113,3.0677965932084255,0.1882486564177614,0.17482308429228077,0.957632363632219,0.1491549553183274,0.1237229349071542,,,0.00017600000000000002
114,3.039659875063948,0.18563274294503537,0.1764926198409309,0.9612866293079603,0.1469489775298271,0.12177669422169078,,,0.000174
115,3.0751656102011085,0.18537816393597673,0.17462666251927877,0.9770796977502675,0.148045179683631,0.12352682343730749,,,0.000172
116,3.023205586691717,0.18475297291171797,0.17347946513162688,0.9674997921225134,0.14536246955687213,0.1204162192831622,,,0.00017
117,3.026283827450371,0.18501809974757624,0.17510081865112787,0.9648669000287285,0.14602770681206917,0.12022797157211089,,,0.000168
118,3.0320530587019467,0.1877277834127064,0.17656974095606243,0.9687910198112465,0.14608470221087555,0.12048300203955911,,,0.000166
119,3.0134983784551124,0.18219479719785583,0.1751394307111062,0.9678171190329927,0.14530201844132568,0.11853221655111318,,,0.00016400000000000003
120,2.9942137174915167,0.17955859835507298,0.1718441787412549,0.9805392074573263,0.1425894668016864,0.11755596761892424,173.94102478027344,123.27820587158203,0.000162
121,3.005920645416192,0.18116895926310164,0.17322343614928504,0.9834247396288255,0.1432114195835368,0.11807634254096769,,,0.00016
122,2.967908386627287,0.1836094754410796,0.1733328206528625,0.9729438300104675,0.1414663139383388,0.11606028258537286,,,0.00015800000000000002
123,2.9715112294486272,0.17851072346921407,0.17356519819300356,0.9809396591867385,0.14134179634042998,0.11543072152871847,,,0.00015600000000000002
124,3.005033273575233,0.18028912556168492,0.1684836582504615,1.0002873137490906,0.1424248536374197,0.1160994854274044,,,0.000154
125,2.921504184355095,0.18144661703963158,0.172772193051531,0.9705494770650424,0.13842239151905283,0.11334615857344965,,,0.000152
126,2.9731683326305656,0.17850224519837593,0.16763202454328127,0.9920046930809133,0.1410796656926785,0.11407339657356157,,,0.00015000000000000001
127,2.9464324985331944,0.17841115448773784,0.1703549582763439,0.9856640576760598,0.1395221142586361,0.11310945921399292,,,0.000148
128,2.921624625863926,0.18207104770983984,0.171328001981921,0.9785901640886413,0.13829870634621796,0.11200947994850685,,,0.000146
129,2.9319106203534067,0.17637881929817098,0.16421916780370024,0.9907980542392328,0.1383135911439188,0.11159533033032296,,,0.000144
130,2.9381929905070643,0.17738564815500182,0.16656144783705093,1.0018034640249958,0.13813398516681175,0.11100993493354355,156.02224731445312,127.26647186279297,0.000142
131,2.8859247969457984,0.17970982023036808,0.1692669600434784,0.9840734282232477,0.13585838365484618,0.10865350707020095,,,0.00014
132,2.8833131760914497,0.17301349667786559,0.16624245830099588,0.9918107191819087,0.13474407968302354,0.10881233266148062,,,0.000138
133,2.9006872737489573,0.17757219960867365,0.1676335633056964,0.9968333798986188,0.13597613965710434,0.10881849969495033,,,0.000136
134,2.9255408599636388,0.17594840343752777,0.165168578093972,0.9988364770906129,0.1378919221936077,0.10955703243891086,,,0.000134
135,2.917447466962588,0.1710207126870152,0.1653318320719984,1.0074804080567954,0.1365225559157174,0.10894830025535103,,,0.00013199999999999998
136,2.8711564256585733,0.17737401834706445,0.1675806584346663,0.992533412017111,0.1345356049507827,0.10665339298027186,,,0.00013000000000000002
137,2.8688436607383303,0.1704748309015409,0.16435881614158618,1.0123032237877438,0.1325611626625178,0.10618576232683904,,,0.00012800000000000002
138,2.8872295288155194,0.1728160136413118,0.16476612774265878,1.0045100135237008,0.1350360149051537,0.10647187283275406,,,0.000126
139,2.8561317952271184,0.17580866124170216,0.16549420298988382,1.0003527021794136,0.1331578476155237,0.10484012428367688,,,0.000124
140,2.8381092593995114,0.1731901704219478,0.16397632641847573,0.9958142559825497,0.13224313332095114,0.10397273383237662,155.33631896972656,122.3489761352539,0.000122
141,2.870735006547653,0.17142463695912297,0.16001704095573083,1.026595924945294,0.13213400283903323,0.1045598096787286,,,0.00012
142,2.84778449369249,0.1721025584384404,0.1643835280101538,1.0143832982288377,0.1315367520294199,0.10360673465514675,,,0.00011800000000000002
143,2.87524445520182,0.16992471986601057,0.15931803552878032,1.0293718125155675,0.13261381623730925,0.10394689617303801,,,0.00011600000000000001
144,2.865629635568456,0.17098380547744368,0.15962866098931658,1.0396864807874813,0.13128436249301526,0.1026199064944104,,,0.00011400000000000002
145,2.8437188143117154,0.16824882342621786,0.1584665839879301,1.0291045487687445,0.1307440659906843,0.10143472041506997,,,0.00011200000000000001
146,2.808886717299367,0.16995266717844904,0.1615673564283051,1.0124114646527904,0.12929852706790557,0.10069799622094901,,,0.00011000000000000002
147,2.828397702071103,0.16828025432378493,0.15789551251148393,1.0310146937601934,0.12946362201932368,0.10054935650923769,,,0.00010800000000000001
148,2.838448951943934,0.16481413710149512,0.15767837900730533,1.0321555295273648,0.13030397390052895,0.10065073635834941,,,0.00010600000000000002
149,2.8106497368236987,0.16862772487038133,0.15986385665490302,1.0235005984479475,0.12906519701965774,0.0992994336000076,,,0.00010400000000000001
150,2.7965911165888806,0.17087556924433306,0.15718215230534308,1.0295964089881215,0.12758738277032167,0.09822417581426501,163.69728088378906,128.46070861816406,0.00010200000000000001
151,2.784113880462572,0.16520974217521958,0.15944891502135694,1.027277705669988,0.12696199608241027,0.09744324326018004,,,0.0001
152,2.774034257141016,0.1688904587446298,0.15767251721001116,1.0231858994354794,0.12648456466546001,0.09720054234106594,,,9.8e-05
153,2.794513232223653,0.16640937678932677,0.15988292825847894,1.0320023585173053,0.1275169063831101,0.09746836182881619,,,9.6e-05
154,2.772525331456949,0.16665296721563724,0.15569937298617256,1.034689954440891,0.12576488217556442,0.09603731138988145,,,9.4e-05
155,2.7779799368711404,0.1630494399169886,0.154825503874837,1.0363041323932276,0.12624763297438035,0.09583989476695495,,,9.2e-05
156,2.750130742876055,0.17047085727988154,0.15761359884304024,1.0146167962661083,0.12562089226225992,0.0958610039032535,,,8.999999999999999e-05
157,2.769059966193097,0.16517538247927951,0.15628668044760488,1.0396574869591073,0.12553611777949497,0.09480826048522281,,,8.8e-05
158,2.7549172954540606,0.1652437781346587,0.15431775178091273,1.0387349789404658,0.1243387812326303,0.09455890113796757,,,8.600000000000002e-05
159,2.7527837127417882,0.16563649094271474,0.15122239655057393,1.0368946690671694,0.12490531699814202,0.09336717576300314,,,8.400000000000001e-05
160,2.7270274521441173,0.16416136950429921,0.15551034477013834,1.028415812974589,0.12330724331490893,0.09310784171151694,155.13397216796875,122.253173828125,8.200000000000001e-05
161,2.728362178311147,0.16306182676131112,0.15134536788247752,1.036202991821815,0.12319000605658297,0.09205182518908742,,,8e-05
162,2.7333963767820064,0.1600699455507458,0.1528111287905406,1.0479025758868696,0.12274844384403996,0.09160187159380688,,,7.800000000000001e-05
163,2.726397933740026,0.16296753644307124,0.15267421922466412,1.0413471262050213,0.12284174982652112,0.09132666271307868,,,7.6e-05
164,2.7233199076516823,0.16271382618889257,0.15324868128741923,1.0427802815463054,0.12266454006288424,0.09077884448770802,,,7.4e-05
165,2.7312789453491497,0.16136756861788953,0.15162313671579714,1.0412252913864368,0.12326827431801374,0.09147418294032493,,,7.2e-05
166,2.727764544238988,0.16045367804020497,0.15134273612025442,1.0469543166436672,0.12291314264976944,0.0903357603935428,,,7e-05
167,2.6908804749132256,0.1609429414361218,0.15495011941241915,1.0294920848911011,0.12120237447855166,0.08987292906925652,,,6.8e-05
168,2.6886596504207683,0.16031282495476956,0.15554927214907008,1.034321070536313,0.12073472345849248,0.08939826918054844,,,6.599999999999999e-05
169,2.681889623842249,0.16140598338554313,0.15421162078283193,1.0364700992746139,0.12009339040772253,0.08889712408638328,,,6.4e-05
170,2.6927399560443552,0.15966353498918384,0.15004051915964914,1.0448497650784763,0.12027012416407451,0.08903778856574494,160.5052032470703,125.93356323242188,6.200000000000002e-05
171,2.6949141190494244,0.1578148401162283,0.15056496329049893,1.0437653153345092,0.1204611396671102,0.0893074805108909,,,6.0000000000000015e-05
172,2.6630031774743617,0.1590455784275031,0.15400064490201779,1.0354011666552476,0.11889069441110042,0.08773901356133734,,,5.800000000000001e-05
173,2.6701679806479994,0.15939175511204928,0.14966105655479128,1.0398551359904291,0.119147238607671,0.0877680913293853,,,5.6000000000000006e-05
174,2.6727391056738377,0.15869761680612035,0.1514804289073951,1.0472917801264574,0.11920315357723929,0.08668315784970958,,,5.4000000000000005e-05
175,2.665533223844721,0.15627121884408712,0.15078036597874145,1.0468577308848983,0.11863982263619813,0.086455453256688,,,5.2000000000000004e-05
176,2.672734644040977,0.15482833308110178,0.1478048713148459,1.04974308405236,0.11910508363941817,0.08638814379396219,,,5e-05
177,2.6677393855945635,0.1542742041481606,0.15024512886299118,1.0546285038314929,0.11810900991868457,0.08640415627980957,,,4.8e-05
178,2.662562413702301,0.1541214013605637,0.1473788777009837,1.0536464766559939,0.11806931479361504,0.08564455830971907,,,4.6e-05
179,2.6609148340440476,0.15628895780640098,0.14965117820360357,1.0604180657068107,0.11728739425525347,0.08552456552471684,,,4.4e-05
180,2.6525736124171595,0.15303087110016075,0.15003992994046306,1.055443477466834,0.1171058298648866,0.08521436716377793,150.3629608154297,120.64240264892578,4.2e-05
181,2.665876839883896,0.15388324426832564,0.14439100865000482,1.0641288577457406,0.11772091087169573,0.08490777397720221,,,3.999999999999999e-05
182,2.6475168998856775,0.1527204822156655,0.14632429085284385,1.0582263538718106,0.11685026948860279,0.08415756909445411,,,3.799999999999999e-05
183,2.6458009408898397,0.15577955150627645,0.14698289970522774,1.0526517239765751,0.11679553774288756,0.08503876674382914,,,3.6000000000000014e-05
184,2.626251301774801,0.1531370438898569,0.1457379662721501,1.0571133785381168,0.1152527949263701,0.08332199397130383,,,3.4000000000000007e-05
185,2.6393690557311396,0.15139227623889503,0.14565462707537313,1.0623127269440709,0.11591696033256094,0.08357734540961792,,,3.2000000000000005e-05
186,2.61607647878031,0.15189342135316725,0.1445198131485735,1.0528531977367588,0.11462767379791626,0.08338930937475264,,,3.0000000000000008e-05
187,2.634578740397894,0.15243024144676295,0.14651277236150573,1.0595412505562103,0.1156560413510163,0.08369541507839455,,,2.8000000000000003e-05
188,2.6334210910319813,0.15145482504018332,0.1438548981547502,1.062762796937308,0.11543763548472094,0.08325638871738675,,,2.6000000000000002e-05
189,2.6167447749485095,0.15247150790220504,0.14388340988705506,1.0545869945192945,0.11499221779778965,0.08244712053778946,,,2.4e-05
190,2.618226897728221,0.14952819695160655,0.14289609199139391,1.0623459095341885,0.11450119764782613,0.08217380304434231,159.82530212402344,115.02291870117188,2.2e-05
191,2.598450525586107,0.1481086148736931,0.14462985748368462,1.051250435799448,0.11369049573231259,0.08205902593994514,,,1.9999999999999995e-05
192,2.6017768980827367,0.14857478545461367,0.14310210023049752,1.0547683770394536,0.11398773210103075,0.08142624047819719,,,1.7999999999999994e-05
193,2.582125871642415,0.14943780192887818,0.1454117734193568,1.0497213358149093,0.11273705710358077,0.08100679274410799,,,1.5999999999999992e-05
194,2.5913194773592587,0.14701653706226078,0.14369860380317676,1.049817589887576,0.11303471724874722,0.08223094347721813,,,1.3999999999999991e-05
195,2.5806970041797253,0.14909417680496673,0.14431384979391707,1.0442903756919857,0.11316578304056915,0.08094975913822709,,,1.200000000000001e-05
196,2.5772474711729805,0.14496952202445273,0.14353782267029142,1.0507945700002956,0.11251551664495608,0.08025954686785236,,,1.000000000000001e-05
197,2.58205326873959,0.14633383375242484,0.14050460058073416,1.0621925355232265,0.11162017250727858,0.08073180173985273,,,8.000000000000008e-06
198,2.585128947609891,0.14496144251870513,0.13908139493780702,1.0580684958543114,0.11220815676512147,0.08099577666952168,,,6.000000000000005e-06
199,2.5911156001105042,0.14363778165749058,0.1412454026223867,1.0588610353600874,0.11253897573385786,0.08137296245847413,,,4.000000000000004e-06
200,2.5894279082226217,0.14469575820905656,0.1378819580053704,1.0572241747110234,0.11271457372268003,0.08101159938125779,160.4295196533203,123.82113647460938,2.000000000000002e-06
