epoch,loss_g,loss_c,gp,fid,is_mean,is_std,run
1,12.177837805661474,-7.445366182602076,0.11007308673507185,128.4729766845703,2.639996290206909,0.01582852378487587,1
2,14.36361108492889,-5.831997556900139,0.07580879784667251,,,,1
3,14.405736079465363,-4.950877745861432,0.06036253545230519,,,,1
4,14.925645635883734,-4.566765584202688,0.05349579678894107,,,,1
5,15.25094947692806,-4.28230594494554,0.049859646327093866,55.901573181152344,3.6035714149475098,0.08638250827789307,1
6,15.218549720251191,-4.04767453479665,0.04572569378209375,,,,1
7,15.066715931561612,-3.9332591609486647,0.04450925030490123,,,,1
8,14.57416441600885,-3.7508186301655804,0.04187121889837237,,,,1
9,14.02978071255516,-3.6660602222511836,0.04080617842100473,,,,1
10,13.70866104785508,-3.511967896142917,0.03845869545927202,43.15612030029297,3.8316285610198975,0.10439678281545639,1
11,13.235196989908289,-3.4456481999750452,0.03647804643119921,,,,1
12,12.814195386628077,-3.3039073567507486,0.03449883840862848,,,,1
13,12.315699725929676,-3.2319723320618,0.034000561635229604,,,,1
14,12.050222365298927,-3.1512501293210873,0.032070261564427785,,,,1
15,11.460277150254875,-3.090633378593746,0.031081203056207145,35.30634307861328,3.8658134937286377,0.09134352952241898,1
16,10.710626304467688,-3.022784798478622,0.02987673281410683,,,,1
17,10.138884953017422,-2.9382448969935657,0.028522476620510967,,,,1
18,9.52837204602383,-2.875081497678889,0.028412735094629396,,,,1
19,9.143057222681849,-2.808690677712032,0.026976683443430075,,,,1
20,9.164878880328786,-2.753207518425924,0.026320432775466043,29.479084014892578,3.908886671066284,0.0956898033618927,1
21,8.627833090062584,-2.7222890950572403,0.026237867092723653,,,,1
22,8.352097873626676,-2.658502362199374,0.025022119115700143,,,,1
23,8.046892792590782,-2.601460420970856,0.02425853163401498,,,,1
24,7.680888152046163,-2.568177202849658,0.02397939407991259,,,,1
25,7.164799513150178,-2.534966853792156,0.023231998612764298,27.65064239501953,4.03646183013916,0.11858100444078445,1
26,6.516546722664523,-2.498344921633172,0.022607063446213813,,,,1
27,6.232248131976947,-2.4526396119607297,0.022033777500412317,,,,1
28,5.637474539949138,-2.439147018572055,0.021724451928157976,,,,1
29,5.243241289000374,-2.3817339172485417,0.021665215469884865,,,,1
30,4.82343883371913,-2.3698123689649453,0.021020414971665995,25.75878143310547,3.922780990600586,0.1206490769982338,1
31,4.995418958882767,-2.333218429742526,0.020824748117242133,,,,1
32,4.846277330193983,-2.2829217985829016,0.02047468546485745,,,,1
33,4.735771603365463,-2.2626035989539472,0.019731106541219904,,,,1
34,4.514788125342468,-2.245371402391375,0.019829618356418235,,,,1
35,4.563940412588537,-2.2120270694714343,0.019604682162992472,24.883283615112305,3.9499497413635254,0.1016528457403183,1
36,4.089562883880884,-2.1942570017394285,0.01915074008136288,,,,1
37,4.122269310208242,-2.176750272289793,0.018815295456182074,,,,1
38,4.035374429891942,-2.1419333004518912,0.01864941571983275,,,,1
39,3.924420792494156,-2.1309788667277823,0.01856024692773326,,,,1
40,3.9698473996897263,-2.1053822593984126,0.018308085523120337,24.20632553100586,4.083497524261475,0.0738791823387146,1
41,4.230690515410302,-2.0864743140616566,0.017942976423717137,,,,1
42,3.9155379306035973,-2.0665134794556854,0.017475573738128455,,,,1
43,4.212908297339842,-2.0495411697039607,0.017356155147495715,,,,1
44,4.1616183970374,-2.047633083869197,0.017175544427037875,,,,1
45,3.948310161794644,-2.0201298742691254,0.017050596588194817,22.32474708557129,4.034666538238525,0.07576856762170792,1
46,3.9971987067571697,-2.0049184179738595,0.01715579821172557,,,,1
47,3.996955582400905,-1.9679325611003562,0.016615292556850257,,,,1
48,3.814395590551126,-1.9589971861818938,0.016447584726723467,,,,1
49,3.673293967129963,-1.9351380533571558,0.016199005651411975,,,,1
50,3.6361994163839895,-1.9397804885943646,0.016065963993212775,22.00698471069336,3.9969594478607178,0.10606703907251358,1
51,3.444298498340452,-1.9683866665610128,0.01612427924474425,,,,1
52,3.4723471809842543,-1.9183851055554417,0.016059003088507988,,,,1
53,3.1145378362820777,-1.9164450108178015,0.015768124324367992,,,,1
54,2.9494982788472446,-1.904382453211598,0.015564052982448642,,,,1
55,3.1896577071609213,-1.8835498423433863,0.015244906523196362,19.649463653564453,3.993306875228882,0.10388165712356567,1
56,2.8463657958116957,-1.8530689213929843,0.015411999961709168,,,,1
57,2.4872484096070493,-1.8627986134434458,0.015263068709888255,,,,1
58,2.168552410779889,-1.8696343013927292,0.01507766869191474,,,,1
59,2.3608245252449716,-1.836623687563482,0.015304233580171711,,,,1
60,1.8405824271383573,-1.8049572464178059,0.014799343729182967,19.551504135131836,4.092014312744141,0.08161254972219467,1
61,1.391872664426504,-1.7990901778067443,0.014884673169811069,,,,1
62,1.138869319174721,-1.8077196421274635,0.014508760462166183,,,,1
63,1.0863228265629443,-1.776574318220674,0.01457642091576332,,,,1
64,0.999228775489324,-1.7624800016302435,0.014266378766575803,,,,1
65,0.9805848763275617,-1.7346912297711428,0.01423814056168848,19.929443359375,4.113550662994385,0.0960594117641449,1
66,1.0039741355397023,-1.744635420204354,0.014019553887527614,,,,1
67,0.7684573053979695,-1.741050566782183,0.013985106736926507,,,,1
68,0.3200260872098845,-1.7198710245345674,0.013918744394179979,,,,1
69,0.5803184098640621,-1.7009072413821102,0.013626650956796289,,,,1
70,0.6386305555649571,-1.7014743891507864,0.013686847297540342,20.17963218688965,4.024330139160156,0.0834512710571289,1
71,0.5710561871767171,-1.7045543203677032,0.013731950685767538,,,,1
72,0.5286192485710791,-1.6864644079096416,0.013592367367113254,,,,1
73,0.4336419779580711,-1.6747289671937329,0.013598455642444442,,,,1
74,0.2695408918225905,-1.670983032139541,0.013349981537722886,,,,1
75,0.013597880481178758,-1.6683302477177078,0.01310903016177653,19.36652183532715,4.073464393615723,0.07012967020273209,1
76,-0.22954778007272406,-1.644384086545529,0.013205314453655461,,,,1
77,0.041324295542871814,-1.6453895309627884,0.013397281534230315,,,,1
78,-0.4550202614215293,-1.6701573588932082,0.013180628363510222,,,,1
79,-0.21902400940624855,-1.6115156257546952,0.012772374831163896,,,,1
80,0.07350648629897559,-1.6110899522184945,0.012833802316242406,19.439828872680664,4.063863754272461,0.10771209001541138,1
1,11.854653938666479,-7.4470743580841585,0.11061233686424371,113.99405670166016,2.886399507522583,0.054540928453207016,2
2,13.56680822016208,-5.770455327843144,0.07294491139760394,,,,2
3,13.435743228094045,-4.886146303683742,0.05750023344434249,,,,2
4,12.66182053381758,-4.463976200514949,0.05184536528045047,,,,2
5,12.22350685726235,-4.183369813632049,0.04702880718370576,52.906982421875,3.5266082286834717,0.07054968923330307,2
6,11.65555371393389,-4.021704383186495,0.04477767619178129,,,,2
7,10.87176583594421,-3.8878566656448545,0.04320942437158959,,,,2
8,10.51374462091045,-3.7351933596864453,0.039639492525163494,,,,2
9,10.042807904226168,-3.607052180657646,0.03890373015511888,,,,2
10,9.787243958598394,-3.465598315286789,0.03607340567132007,39.30083465576172,3.8402302265167236,0.04771440848708153,2
11,9.590482212054436,-3.3927791744566016,0.0355601133162448,,,,2
12,9.290684990083903,-3.273839484411217,0.03359242575094024,,,,2
13,8.944024255461475,-3.1769111830753096,0.03178793912218723,,,,2
14,8.86987047083477,-3.102182885244282,0.030220923614822398,,,,2
15,8.847056819382447,-3.018926210057392,0.02943184360933342,31.689226150512695,3.987475633621216,0.0707068219780922,2
16,8.783513295103416,-2.951504643215314,0.028589120322566088,,,,2
17,8.734522940127802,-2.8772213209655013,0.027923597292249015,,,,2
18,8.791499746011187,-2.8227694370448906,0.027569660959663934,,,,2
19,8.71388032520339,-2.745534299913567,0.026485984699687302,,,,2
20,8.374702500940769,-2.734475484143708,0.02557984190638174,28.729215621948242,3.9868571758270264,0.08889929205179214,2
21,8.156149846385357,-2.6671899138545276,0.024869086927552426,,,,2
22,7.992230438244635,-2.5859036369283017,0.024196207038799784,,,,2
23,7.782763145776543,-2.546939353932693,0.02386372722585943,,,,2
24,7.552507443260104,-2.532277914859442,0.022998825205130188,,,,2
25,7.488814247074351,-2.4786482691892058,0.022236414950961205,26.360183715820312,3.944206953048706,0.037368569523096085,2
26,7.660562021119109,-2.444989373615228,0.021856772108053195,,,,2
27,7.147564757722673,-2.3982938241805947,0.02158851919222619,,,,2
28,6.504827574452062,-2.3363500801705244,0.02120151232705395,,,,2
29,6.347022184821814,-2.3551125701997933,0.02079101344978033,,,,2
30,6.650621464565444,-2.3028236890933305,0.020454184796756557,24.570371627807617,4.052846431732178,0.08290588110685349,2
31,6.517914654732769,-2.283574043750254,0.019702427011189967,,,,2
32,6.520095930791588,-2.233370259960789,0.019288549898440772,,,,2
33,6.660881716515491,-2.2257785012144415,0.019238209450297385,,,,2
34,6.840603707821417,-2.1712752111184557,0.0187027427872788,,,,2
35,6.597713750861625,-2.142597503952181,0.018247940586512093,25.16598129272461,3.8426895141601562,0.1021873727440834,2
36,6.8735503247097185,-2.138217588371757,0.018083592451882242,,,,2
37,6.88907942471662,-2.1113387136347392,0.01782891055093949,,,,2
38,7.077617284964091,-2.103978094957936,0.017757648008745342,,,,2
39,7.1943975181946,-2.0700460032439665,0.01786148786473236,,,,2
40,6.842927366844999,-2.066470076460212,0.01723204985541255,22.043376922607422,3.9136788845062256,0.11365555971860886,2
41,6.761918477085891,-2.034925994649132,0.017268408877077326,,,,2
42,6.747742806071279,-2.026824687562859,0.016973028159745062,,,,2
43,6.488419415474956,-1.9641884317265759,0.016947183689935454,,,,2
44,6.436039432008594,-1.9725376675452087,0.016462497391291717,,,,2
45,6.458816159878367,-1.9399258886864499,0.016339372073696765,21.660449981689453,4.047445297241211,0.13626866042613983,2
46,6.582712960472229,-1.9193120277551348,0.016365909822714558,,,,2
47,6.635165017086261,-1.9092001362824007,0.01588274464319314,,,,2
48,6.54831558332372,-1.899527145551643,0.015305478882696578,,,,2
49,6.3215531692179185,-1.887648502561555,0.01576782663162945,,,,2
50,6.069103289057631,-1.8641000193491053,0.01539685801536306,19.56593894958496,4.0812859535217285,0.0990283340215683,2
51,6.230455323497157,-1.8553441341811336,0.015316801391176188,,,,2
52,6.744933234971005,-1.8420137968490828,0.015197285040000428,,,,2
53,7.185760846132911,-1.8444105594109828,0.014991915872739976,,,,2
54,6.974016171254878,-1.8343529339915534,0.015034220405539206,,,,2
55,6.926720263736607,-1.8129119210207603,0.014725756753939766,20.090036392211914,3.984616994857788,0.08868882060050964,2
56,6.516419996701284,-1.7873448924804574,0.014398908819565938,,,,2
57,6.647426245179477,-1.783202354019963,0.014316508718920333,,,,2
58,6.308040160379644,-1.7695384053563106,0.014222536063599007,,,,2
59,6.549107016214312,-1.7828443823909048,0.014550946845713775,,,,2
60,6.615484957506715,-1.763710746261328,0.01426534715536962,19.082569122314453,4.047430515289307,0.05330755189061165,2
61,6.842258848528216,-1.7451025681409154,0.014292846296654503,,,,2
62,7.06462060603668,-1.7294406738199826,0.013949178355043255,,,,2
63,7.324409284357582,-1.727146529082682,0.013741174418073676,,,,2
64,6.911075746237023,-1.7199666428845872,0.013426393904626814,,,,2
65,6.7239043603202955,-1.711736750831726,0.013395829537233363,18.18913459777832,4.118842601776123,0.12592919170856476,2
66,7.061911016289173,-1.6963920005484858,0.013592543694704548,,,,2
67,7.082440935814775,-1.6770992112388734,0.013078439863957266,,,,2
68,7.433018141393346,-1.6734758942460555,0.013200636237975023,,,,2
69,7.848633227760534,-1.6545266865920614,0.013083408852063095,,,,2
70,8.32056656107704,-1.6698932286387702,0.013154655531209793,18.7847843170166,4.096782684326172,0.14753776788711548,2
71,7.827327634125408,-1.6443375365583976,0.013197381316764695,,,,2
72,7.583666786185705,-1.6308284419068915,0.012718415410101828,,,,2
73,7.48604012324436,-1.6208338773110633,0.012719406703836906,,,,2
74,7.686014577444233,-1.6173816340455633,0.012411268113385747,,,,2
75,8.147747468286797,-1.6187590593462184,0.012459955394383333,16.75260353088379,4.026818752288818,0.09862147271633148,2
76,8.120282038298845,-1.593975177569476,0.012382743835425364,,,,2
77,7.5478551883962135,-1.5892022472817209,0.01252343174017441,,,,2
78,7.678945313904558,-1.5875487650725733,0.01232972722614866,,,,2
79,7.973205927723627,-1.5844130014787998,0.012380467808041066,,,,2
80,7.590613439472406,-1.573808852229327,0.012295707431597,17.64742088317871,4.048015594482422,0.09797006845474243,2
1,13.862182073175843,-7.380621722439183,0.1075491868754652,121.10595703125,2.8038430213928223,0.06248076632618904,3
2,13.684715601779608,-5.76653854824054,0.07354059718596961,,,,3
3,10.59454812565888,-4.85907581521709,0.05755632546836691,,,,3
4,8.317960770687401,-4.454043123739888,0.04954377077559651,,,,3
5,6.641287589658414,-4.239335747640441,0.04772248178652886,52.498687744140625,3.7661690711975098,0.09184117615222931,3
6,5.67471072030042,-4.062543423987504,0.04543441461484676,,,,3
7,4.633312813436718,-3.9106085692296797,0.04281323496649875,,,,3
8,3.687446639084892,-3.729584783983587,0.04026635209239598,,,,3
9,2.5899653994858967,-3.639296667298487,0.03903124979304561,,,,3
10,1.2165065460411977,-3.510199364628583,0.03702350632807393,43.26180648803711,3.88321852684021,0.09142997860908508,3
11,0.40036457770264516,-3.3976135116503867,0.03583825430102257,,,,3
12,-0.40285401466116705,-3.312146176014537,0.03427152961130744,,,,3
13,-1.301530874462494,-3.194004028176803,0.03281640606706718,,,,3
14,-1.9255755835529835,-3.131411700136761,0.0309584439098994,,,,3
15,-2.5065359727120704,-3.0109070547107954,0.030046952674672278,34.19196701049805,3.978689670562744,0.08789679408073425,3
16,-2.8715590384004592,-2.9377130561348213,0.028316972185852624,,,,3
17,-3.3723524337835222,-2.8666625974526907,0.028131708668757593,,,,3
18,-3.427610479303205,-2.829602941759368,0.027139467132559072,,,,3
19,-3.5841731597036284,-2.757891335889395,0.026264357814921133,,,,3
20,-3.7766245216163017,-2.7042707463084317,0.0260128962291502,29.108333587646484,3.9928627014160156,0.07004261016845703,3
21,-3.867880302279583,-2.6643932143041393,0.02513882748558004,,,,3
22,-3.888016032450609,-2.59951071016562,0.024686070983054607,,,,3
23,-3.754437996585443,-2.5813589076985672,0.02329381729506966,,,,3
24,-3.6703860685308816,-2.5205243581641574,0.023565882740377297,,,,3
25,-3.782117525439634,-2.4710914686624372,0.022545548409358733,26.25446319580078,4.050446510314941,0.05694190040230751,3
26,-3.744014570034301,-2.4607925383232954,0.02262782512467231,,,,3
27,-4.128068831330811,-2.3974195274752,0.021968460440528335,,,,3
28,-4.050675559705451,-2.360160018743802,0.02153304952128195,,,,3
29,-3.9133113814774294,-2.307887625923279,0.020936993232519706,,,,3
30,-3.6576373395186987,-2.3153918823793833,0.02052861258433287,25.238513946533203,3.982062578201294,0.08562097698450089,3
31,-3.590810064445056,-2.2751022313931197,0.020178441862250693,,,,3
32,-3.5082818340339172,-2.239120632505468,0.01986650038528452,,,,3
33,-3.4248242459340434,-2.2303263076214295,0.020087200906246966,,,,3
34,-3.4378857814896704,-2.2138141660832797,0.01948121880661207,,,,3
35,-3.096721763751423,-2.187467401920795,0.019314390739372345,24.313806533813477,4.014312744140625,0.08842472732067108,3
36,-3.181600128064924,-2.143100993101472,0.01868652653648829,,,,3
37,-3.153179585043114,-2.140969899446249,0.018821504827799512,,,,3
38,-2.922647916138363,-2.106079126498488,0.01840661751482091,,,,3
39,-2.8872271068513458,-2.077071955262533,0.01835639706813793,,,,3
40,-2.8621577843785158,-2.0798996099158567,0.018183576941028984,21.9996280670166,3.993091583251953,0.14355488121509552,3
41,-2.7143556725476317,-2.050261296864635,0.018092710699234058,,,,3
42,-2.6000834599757527,-2.03165462202807,0.01746826970963684,,,,3
43,-2.3985134349815875,-2.01026623353378,0.017123617824731572,,,,3
44,-2.373049701123698,-1.990018339905184,0.017137123019361954,,,,3
45,-2.0607743466127837,-1.959545811823109,0.016836310845174556,22.000816345214844,4.0227370262146,0.07916955649852753,3
46,-2.0058971029669523,-1.9786093924572272,0.016881591780061496,,,,3
47,-2.102087127162082,-1.9635576143336015,0.016663925867356766,,,,3
48,-2.0392508400542506,-1.939905764071893,0.016693114946629124,,,,3
49,-1.8737323368355838,-1.9007683853711237,0.016214719401988556,,,,3
50,-1.824852844169453,-1.910423987194212,0.016223554261895482,21.022180557250977,4.116389274597168,0.12033887952566147,3
51,-1.5113258155633316,-1.8866916153194302,0.015881148306603206,,,,3
52,-1.6019668171705088,-1.8945476611243242,0.015908376945395385,,,,3
53,-1.4840558734518678,-1.8717386057180936,0.01567616068192518,,,,3
54,-1.347285134886792,-1.8691949390487204,0.015607244510048544,,,,3
55,-1.3907416867630968,-1.8368893213562167,0.015394796875753741,21.64800453186035,4.110126495361328,0.1602887064218521,3
56,-1.34812315875066,-1.8293897136171193,0.015254467788869028,,,,3
57,-1.2960046684268063,-1.817027788247472,0.014937844019077058,,,,3
58,-1.0473742200103424,-1.7939710885508975,0.014768340714820517,,,,3
59,-0.9768816472777626,-1.7854240506155896,0.015078238844464005,,,,3
60,-0.5779651607006089,-1.8124130522492348,0.01519421541769149,21.352867126464844,4.0351338386535645,0.06951699405908585,3
61,-0.4793465440017405,-1.7614480991755377,0.014868555210327993,,,,3
62,-0.7953990590306379,-1.7540765472766302,0.014536620555554885,,,,3
63,-0.6480021184705905,-1.7292421731775827,0.014430956136268288,,,,3
64,-0.7142422963987356,-1.7484205394442587,0.014309391582617287,,,,3
65,-0.59295924733867,-1.7433486599932357,0.01437607867863892,22.162137985229492,3.956653594970703,0.08315573632717133,3
66,-0.4754424711238104,-1.715224745179444,0.014161487989099806,,,,3
67,-0.5516357544129724,-1.702054838424304,0.014246438036542564,,,,3
68,-0.43036077765145575,-1.7104895585629067,0.01392803596990658,,,,3
69,-0.2100329090629405,-1.6929192291125417,0.013526297831389032,,,,3
70,-0.03723473144792569,-1.6948935296644905,0.013775332480979131,19.393789291381836,4.083043575286865,0.054406922310590744,3
71,0.054578472079913926,-1.6948675265179882,0.01370962938590009,,,,3
72,0.10082024583750053,-1.670964041221867,0.013440966753740353,,,,3
73,0.24953579429533082,-1.6649742747956178,0.013716732254182263,,,,3
74,0.2541909647336192,-1.6618626349890881,0.013608156738945918,,,,3
75,0.16303447455469927,-1.6680760205332728,0.01323914098311832,18.97163200378418,4.053621292114258,0.06807699799537659,3
76,0.3678251963542136,-1.6301469786317269,0.013299638294617833,,,,3
77,0.5323699539966619,-1.6340390765361623,0.01320312789486266,,,,3
78,0.42821791824529876,-1.6158704622514475,0.013191077173881335,,,,3
79,0.5384889228672998,-1.5940215976286596,0.012644385426725671,,,,3
80,1.0133948450711265,-1.5996922168049768,0.012875417984421728,18.9976749420166,4.046671390533447,0.05136428773403168,3
1,11.257929989724175,-7.436212064362387,0.11140900831212357,120.1444091796875,2.8135924339294434,0.08143383264541626,4
2,10.176299924657084,-5.7534756838575625,0.0740470076884315,,,,4
3,9.216926023570807,-4.8808257874964145,0.05951521695932431,,,,4
4,8.128557236751854,-4.482195065141106,0.053168513967179504,,,,4
5,7.494506075644315,-4.225941232072633,0.04790057474896391,53.089813232421875,3.6344070434570312,0.05984203889966011,4
6,6.622110168860078,-3.9983009767888578,0.04520346152048514,,,,4
7,5.937047864482395,-3.872068831098754,0.04333383785789333,,,,4
8,5.14303729246622,-3.7163741453734636,0.04159674821610353,,,,4
9,4.375982855211073,-3.626346178472106,0.03906237190885503,,,,4
10,3.7632414947324526,-3.502630154376605,0.037184257743126746,40.49921798706055,3.8126542568206787,0.08152163773775101,4
11,3.0111955865072595,-3.3711412092919284,0.03581286747139762,,,,4
12,2.3834734275189637,-3.278178489831621,0.033386021508589755,,,,4
13,1.8711862002073,-3.217384804656437,0.032193580125493323,,,,4
14,1.6211189993020056,-3.1038815739824015,0.03074006140709178,,,,4
15,1.4141494193479116,-3.022655367724033,0.030152112771354402,34.642757415771484,3.759014129638672,0.08402765542268753,4
16,1.2716667634199434,-2.9508989400517596,0.028960358425020663,,,,4
17,1.1356196018570006,-2.884603664358499,0.028454246824426356,,,,4
18,0.9965826527413335,-2.817319248885457,0.026533402170560532,,,,4
19,0.935683790347842,-2.7657367980849146,0.026293688632643274,,,,4
20,0.8065498075472826,-2.70644981973072,0.025247986424463853,29.26187515258789,3.9759483337402344,0.12042379379272461,4
21,0.7148609588612487,-2.659796297995487,0.025114303055192515,,,,4
22,0.7977265050612875,-2.6521719371623647,0.024123349758769556,,,,4
23,0.9826847731534356,-2.5736952349623086,0.023603603617549578,,,,4
24,0.9328364948150697,-2.5256326077714673,0.0228988918925068,,,,4
25,1.0716704899641976,-2.473800699700668,0.02296396123002837,26.804243087768555,3.9348652362823486,0.07495923340320587,4
26,1.2097867832716909,-2.433002423832994,0.02230038936125669,,,,4
27,0.6144265939452732,-2.3893320505748816,0.021379786428747938,,,,4
28,0.767826207936319,-2.351234062822295,0.020714458412110105,,,,4
29,0.7694973253914361,-2.3454727925511283,0.020727245820429785,,,,4
30,0.588568823020448,-2.3107931772316532,0.020506342073351846,22.94902229309082,4.07049560546875,0.08675158023834229,4
31,0.5514095486315681,-2.262457479916616,0.02000851521870815,,,,4
32,0.3968348389644506,-2.263022271011784,0.019878619710796512,,,,4
33,0.16581495210782823,-2.2123971177521486,0.018884750110422246,,,,4
34,0.23524679054715844,-2.172252944782933,0.01875177970535759,,,,4
35,0.23805098846284403,-2.1707403748241534,0.018435095815065545,23.839942932128906,3.964284658432007,0.08890535682439804,4
36,0.02203703948208146,-2.129369047433615,0.01805650646894725,,,,4
37,0.04139583381320267,-2.1101888755342366,0.018194427422527124,,,,4
38,-0.14693873719557754,-2.089334616157263,0.01788082430457245,,,,4
39,-0.0710793986733657,-2.0823896903874655,0.017593802081116872,,,,4
40,-0.29272888597248076,-2.0509088954141834,0.0173853184956274,22.717853546142578,3.9670803546905518,0.07883280515670776,4
41,-0.22755219792925307,-2.0323317774840834,0.017045112678596278,,,,4
42,-0.2579326032598283,-2.017453041822195,0.016691696468796362,,,,4
43,-0.3907995149890794,-1.9924037166122692,0.016522894315262552,,,,4
44,-0.3820797044290836,-1.969184877523872,0.016227780699405895,,,,4
45,-0.6715465184885575,-1.9453732137873434,0.01600432876604853,20.19532585144043,3.9424774646759033,0.054365482181310654,4
46,-0.42918364657933966,-1.9501964974683275,0.016224666145752437,,,,4
47,-0.5835872576785698,-1.9271444418768746,0.016158650560640475,,,,4
48,-0.6661223653016121,-1.908047342440362,0.015910188583488177,,,,4
49,-0.8096665607103353,-1.8824025557924107,0.015486439755096984,,,,4
50,-0.7943102737715748,-1.89000868129374,0.015621978953568188,18.662893295288086,4.114235877990723,0.04985637962818146,4
51,-0.7951288290019669,-1.8942237189765165,0.015569289596085391,,,,4
52,-0.8351046225749823,-1.8595513468618199,0.015193781945178546,,,,4
53,-1.0145600306520213,-1.8522106047119378,0.015438126401107047,,,,4
54,-1.0077352341852899,-1.8520293042397677,0.014920539699252318,,,,4
55,-0.8832898639548041,-1.8084323013095998,0.015005590728103415,20.13650131225586,4.034767150878906,0.07539184391498566,4
56,-0.688326065614422,-1.8064629551949598,0.014659589194775169,,,,4
57,-0.6232520338334739,-1.7781537863462686,0.01419038302140865,,,,4
58,-0.7799285399024807,-1.7639722146626597,0.014117269870688943,,,,4
59,-0.9211111931028908,-1.7473103225930906,0.01403358822545333,,,,4
60,-0.8582316256836932,-1.7737682032992261,0.014322897015793474,19.413082122802734,4.026005744934082,0.10069681704044342,4
61,-0.4662430064202055,-1.7518668146436216,0.01401903623667334,,,,4
62,-0.07901630494564676,-1.7395755722403146,0.014024856411618367,,,,4
63,0.05717073520098832,-1.744193245023648,0.01419200317083342,,,,4
64,-0.05922569583687959,-1.7271922882745716,0.013872971236427476,,,,4
65,-0.20294941716659476,-1.7178123015095355,0.013874151976033647,19.116151809692383,4.202529430389404,0.16158950328826904,4
66,-0.266580242258094,-1.7214622311810928,0.013899054111894956,,,,4
67,-0.1354224403948387,-1.7031479925076252,0.013809524926783372,,,,4
68,-0.21433537694741847,-1.6728485030705544,0.013420376936599946,,,,4
69,-0.16635737114903004,-1.6785768052302659,0.013268163957481005,,,,4
70,-0.13125740129425087,-1.6675065527794328,0.013491052464535311,17.872608184814453,3.983142852783203,0.07901564240455627,4
71,-0.054989497448648686,-1.6566755701584013,0.01318848046216728,,,,4
72,-0.10704324273998862,-1.6610293375008134,0.01369163534890268,,,,4
73,-0.050471938544190555,-1.6335437171232738,0.01296312685930662,,,,4
74,0.21457215969469656,-1.6488439335130958,0.013293869664202759,,,,4
75,0.36899352740404956,-1.6338558149630384,0.012814215695527218,18.44470977783203,4.130126476287842,0.13753260672092438,4
76,0.2874416045132893,-1.633266398975409,0.012825627271791675,,,,4
77,0.33250214269617323,-1.6264673967308017,0.012789322483763814,,,,4
78,0.3201188157941737,-1.6370314375567971,0.012674530290947828,,,,4
79,0.5835508916650282,-1.6160879106506338,0.012802208330245687,,,,4
80,0.8625296573517417,-1.5681983870528677,0.012655305276101052,16.539968490600586,4.018765926361084,0.08305075764656067,4
1,11.915121952523036,-7.509775574840884,0.1127965140674291,120.63175964355469,2.8066773414611816,0.05578014254570007,5
2,13.314251907861602,-5.736898725035351,0.07312737111093649,,,,5
3,13.165712343336041,-4.872711574000762,0.058153639309974976,,,,5
4,12.634139471145678,-4.443176712272261,0.05136516533907316,,,,5
5,12.045194578018107,-4.209076718561423,0.0484061282994812,55.734493255615234,3.7416112422943115,0.09273844957351685,5
6,11.352404009189016,-3.9839500073053284,0.04415835192965755,,,,5
7,10.659960752871909,-3.848526546769361,0.04235661263391773,,,,5
8,9.781650640921251,-3.6821067898097897,0.03938546058947465,,,,5
9,9.182419275143358,-3.5825500366145797,0.038884289993078566,,,,5
10,8.564311032615832,-3.4439350846228503,0.036013798838880874,39.74196243286133,3.9060325622558594,0.09869962930679321,5
11,7.926997024450638,-3.3385076510104708,0.03497418366559446,,,,5
12,7.003635277997468,-3.2549957936448757,0.03323044110359892,,,,5
13,5.969704668956989,-3.164862415961039,0.031821987732326494,,,,5
14,5.29396505569572,-3.0494070105262603,0.030275136469927962,,,,5
15,4.745192162891335,-2.980128536738352,0.02887720778721644,34.5928955078125,3.8057758808135986,0.06774207949638367,5
16,3.64764496499599,-2.9229882687107605,0.028253451127880982,,,,5
17,3.09946974979966,-2.857628401977148,0.027562963819029875,,,,5
18,2.8096556001946156,-2.768968100863307,0.026182372530518753,,,,5
19,2.416363163072946,-2.7090423362232197,0.02495065858396786,,,,5
20,2.110354276292479,-2.6759743142153436,0.024788048770875058,30.39173698425293,4.02813720703125,0.09727742522954941,5
21,1.8442954935348148,-2.648585500941078,0.023935262158536925,,,,5
22,1.6165787342900018,-2.555198777001848,0.023043343338622388,,,,5
23,1.4149153079507573,-2.524590646571767,0.023002623365704952,,,,5
24,1.3420996059094066,-2.497336660403452,0.022492627043718336,,,,5
25,1.089613198760893,-2.455747197888068,0.022303120080548616,26.128721237182617,4.000916004180908,0.07752004265785217,5
26,1.1183637897846792,-2.4221046745077395,0.02135468274504026,,,,5
27,0.7808075580734009,-2.3677866572122563,0.02101668039497819,,,,5
28,0.5502836127728701,-2.3320599333199263,0.020772040944363575,,,,5
29,1.035347251450144,-2.3359870530879614,0.02032867064520621,,,,5
30,1.0036242118158964,-2.277384161758321,0.019472681908801658,24.41130256652832,4.025599002838135,0.15372107923030853,5
31,0.5812840594958788,-2.2341405428715424,0.01935146947261125,,,,5
32,0.29750561726596625,-2.2065456601191737,0.019525821576652336,,,,5
33,0.1623336483695591,-2.1885097577070605,0.019029605895650583,,,,5
34,0.21017467243678414,-2.145593263232721,0.018498057561649236,,,,5
35,-0.02324159234054506,-2.1338116831306206,0.018081718459407318,23.995590209960938,4.013935089111328,0.04420516639947891,5
36,-0.17599006499319855,-2.11759243977108,0.018173524641244013,,,,5
37,-0.25445221049021316,-2.0937937959917328,0.017483103264962087,,,,5
38,-0.630333457623182,-2.073455069019293,0.0172603337005727,,,,5
39,-0.9056020807176669,-2.054024445590749,0.017558978117600862,,,,5
40,-1.1379175082866895,-2.0430080742439056,0.016804008084183347,22.447790145874023,4.000743389129639,0.0980568677186966,5
41,-0.7616048223292305,-2.003575329719511,0.01678167045933444,,,,5
42,-0.9373882714790176,-1.9833083467015336,0.01682641901614556,,,,5
43,-0.9404018206428438,-1.9949770556442765,0.01662570421545187,,,,5
44,-0.6274138113469871,-1.9579312295007858,0.016297012007931443,,,,5
45,-0.5620423801871476,-1.9449652134417978,0.016212642998926604,23.56650161743164,3.9923202991485596,0.06767764687538147,5
46,-0.48028549373849605,-1.8985997848729568,0.015564706302252911,,,,5
47,-0.7772717469013043,-1.907739115435642,0.015538510155298507,,,,5
48,-0.5326089880557426,-1.8873974172957042,0.015122689217281316,,,,5
49,-0.49532726445218417,-1.8697586873170533,0.015547865896118982,,,,5
50,-0.22980824384834367,-1.8868836486988414,0.01535546862328447,24.010055541992188,3.9027111530303955,0.08058503270149231,5
51,-0.38751789545014165,-1.8528711466931738,0.015130531546742265,,,,5
52,-0.27305183958723395,-1.855875018821073,0.015585003470904576,,,,5
53,-0.12798273740704058,-1.8223523920602707,0.014408700749339693,,,,5
54,-0.45741290271504836,-1.8051624195361977,0.014789407824344035,,,,5
55,-0.3303637280284945,-1.8230130856294133,0.014535936513039003,21.12662124633789,4.033574104309082,0.07304569333791733,5
56,-0.7406854222438188,-1.7753449412521964,0.014179219997695697,,,,5
57,-0.8765326125334586,-1.7716237346670545,0.014063156161182972,,,,5
58,-0.7710701922628643,-1.7623427587868437,0.014238945994200135,,,,5
59,-0.9610225947229878,-1.7680026911111626,0.014643657965965276,,,,5
60,-0.9658797318026375,-1.7448431976704104,0.014057948030412134,20.966510772705078,3.9864373207092285,0.06717554479837418,5
61,-0.8304609115908406,-1.7524314437502857,0.014178763755488835,,,,5
62,-0.5063985103985797,-1.723939869803324,0.013771033751914474,,,,5
63,-0.22886580350066327,-1.7331605587341488,0.013474600386121006,,,,5
64,-0.10572456058389094,-1.6898897722156732,0.013555891755690028,,,,5
65,-0.025069682406641248,-1.712284820883862,0.013447759431471756,19.890222549438477,4.147924900054932,0.09572054445743561,5
66,0.07737034471783083,-1.6978654014771624,0.013691968234850287,,,,5
67,-0.08101818959845931,-1.6820911392330997,0.013213928835615596,,,,5
68,-0.1712151466090562,-1.6588886586617253,0.013100844917504819,,,,5
69,0.43867765183350826,-1.6626419482261674,0.012948869702206446,,,,5
70,0.4065017606387175,-1.6782514212162034,0.013116727488188982,19.10426139831543,4.095620632171631,0.11138467490673065,5
71,0.20929970169239137,-1.63492150673108,0.01284345974668606,,,,5
72,0.3061848977976255,-1.6533464981817512,0.01277338108718753,,,,5
73,0.22379085930062334,-1.6273327436429332,0.012682574659013443,,,,5
74,0.4284872540224069,-1.6046022063512813,0.012547946967415138,,,,5
75,0.4201825003168499,-1.6059826028512407,0.01239464136030378,19.600589752197266,4.136389255523682,0.08981494605541229,5
76,0.2621601037522072,-1.626572271103284,0.01269075439362255,,,,5
77,0.3563363708261492,-1.5816539964273875,0.012341077634796357,,,,5
78,0.5801430545079352,-1.6003181328450349,0.012633597287185402,,,,5
79,0.8567928976837542,-1.5676167225634148,0.012006719578296073,,,,5
80,1.1154052260209555,-1.587799026560249,0.012227785431162683,18.557228088378906,4.07559061050415,0.07914969325065613,5
1,10.347724697505907,-7.436813956009286,0.10953946698460978,123.94741821289062,2.806513547897339,0.06576216965913773,6
2,12.15659844938948,-5.769003085418343,0.07271897863286568,,,,6
3,12.299602196081725,-4.879283827676844,0.05792856534392341,,,,6
4,11.984710189550638,-4.502282490216299,0.0520725548645062,,,,6
5,11.260913140491335,-4.2495881144748555,0.047965973470531,53.327659606933594,3.6278412342071533,0.07944147288799286,6
6,10.64458513412557,-4.056225312557648,0.04573211209846535,,,,6
7,10.049938919958972,-3.89282031985459,0.043041776006955856,,,,6
8,9.910553740335503,-3.7251051105837174,0.04042523933858824,,,,6
9,9.542904102178877,-3.6164869748159303,0.038377781157066755,,,,6
10,8.98669862390964,-3.5025974261468096,0.0370708460280455,40.814640045166016,3.7529163360595703,0.09764465689659119,6
11,8.53110443286224,-3.4015945874257936,0.0349890576007606,,,,6
12,7.9189823816272975,-3.2747524967824635,0.033878645175827414,,,,6
13,7.192765798232853,-3.2032359722711488,0.0324627897307563,,,,6
14,6.645949815355217,-3.1341630605903226,0.031101407560747488,,,,6
15,6.345121179090111,-3.022040819282084,0.029392617967341536,32.55303955078125,3.895582914352417,0.0569303035736084,6
16,6.001955561602256,-2.988059470340562,0.028942948379210943,,,,6
17,5.590459621576006,-2.924756922233321,0.02782585649783927,,,,6
18,5.139231286919104,-2.843307489900986,0.02686088291278135,,,,6
19,4.75434098325137,-2.8032947889387034,0.026156274311089432,,,,6
20,4.18914241788227,-2.7259587922243833,0.02522964105844943,30.170141220092773,3.9004623889923096,0.08899564296007156,6
21,3.9883003016037266,-2.687200120698935,0.02524345609276946,,,,6
22,3.7333029600192287,-2.6087668498017873,0.024098279685171652,,,,6
23,3.4966585608785663,-2.602572348990588,0.023793631707881693,,,,6
24,3.6628764876688304,-2.564210340078511,0.023111228236735757,,,,6
25,3.3202207230484726,-2.517066372242401,0.02216890217138011,27.721302032470703,3.8935792446136475,0.09243813902139664,6
26,3.3134565059823187,-2.4690788348176564,0.021735459588480003,,,,6
27,3.117579725884068,-2.433781128937305,0.021276569182277837,,,,6
28,2.5809302307752815,-2.3763169202885988,0.021007806167559123,,,,6
29,2.248599911981293,-2.3404525665997697,0.020594862036271817,,,,6
30,2.208968691026897,-2.3297575805077813,0.020020371095725638,24.760326385498047,4.023709774017334,0.10977842658758163,6
31,2.0308574908547175,-2.276813076870673,0.019405461506363453,,,,6
32,1.7279740125417964,-2.224636297788284,0.01952990491774128,,,,6
33,1.67888199754274,-2.2368476941084277,0.019083849105212675,,,,6
34,1.4029366812661783,-2.2027366671516395,0.018599195723901944,,,,6
35,1.0202151175405485,-2.17146037450595,0.018237381850507432,21.651687622070312,4.079111576080322,0.1028675064444542,6
36,0.828022795933097,-2.150412858741133,0.018480977937559276,,,,6
37,0.8358270483212734,-2.107672085248037,0.017483309847615827,,,,6
38,0.7585025319835547,-2.090298675040425,0.01732858933663451,,,,6
39,0.6697560752440829,-2.085417000054041,0.017618915516378213,,,,6
40,0.39698850754509296,-2.0362612452425597,0.01672172710734838,23.07341766357422,3.9921841621398926,0.08145871758460999,6
41,0.2528007935331051,-2.028762633543513,0.016650824643584045,,,,6
42,0.17254724224538343,-2.008882234292453,0.016839785961555505,,,,6
43,0.1268779985932683,-2.0001191810457275,0.016513352226933092,,,,6
44,0.060025198506380224,-1.9728926444384434,0.01611660380043654,,,,6
45,-0.16603024558361973,-1.957747109703473,0.016309506853241295,21.440120697021484,3.943833112716675,0.1006564348936081,6
46,-0.3353064228465488,-1.936315976886383,0.015484570875702269,,,,6
47,-0.5374902633049604,-1.933107277881374,0.015505128867105205,,,,6
48,-0.6095770794377446,-1.9048572585638712,0.015641881538139557,,,,6
49,-0.9318626690158976,-1.898445314506075,0.01554954602316483,,,,6
50,-0.9926917351098491,-1.8950957848015564,0.014994450768787838,20.335411071777344,4.069474220275879,0.11750626564025879,6
51,-1.2849797494033612,-1.8537501865797135,0.015296650348229208,,,,6
52,-1.3507589750198634,-1.837316774444112,0.014889901185859485,,,,6
53,-1.8208506394340682,-1.8281611618898976,0.014578491278895224,,,,6
54,-1.3907534943390618,-1.8318759929408641,0.014478328091111292,,,,6
55,-1.3298447724459583,-1.796464487417276,0.014322940828706056,18.300846099853516,4.1341447830200195,0.1287185400724411,6
56,-1.1850948193435544,-1.8170576203085698,0.014620223794760641,,,,6
57,-1.6366627179086208,-1.7652958941943109,0.01406069962892248,,,,6
58,-1.6818649046433138,-1.7819346407688796,0.013984598062849,,,,6
59,-1.967707608093924,-1.7715578499064246,0.014187276681433873,,,,6
60,-2.0846681097281845,-1.765526812511676,0.013950082448856824,18.602638244628906,4.112584590911865,0.089687280356884,6
61,-1.8065708287640723,-1.7191010076819007,0.013463515851928941,,,,6
62,-1.7033363497570524,-1.7253178810996967,0.013465578127612648,,,,6
63,-1.725166210525032,-1.7183930338892128,0.013526883172596881,,,,6
64,-1.3462162916026732,-1.689351359801715,0.013296130385643454,,,,6
65,-1.0777862012275001,-1.7021274920334302,0.01313703007530918,18.10580062866211,4.170036792755127,0.08367206156253815,6
66,-1.0481088076645595,-1.6890865766315093,0.013663057182699823,,,,6
67,-1.4956297460692987,-1.6758693844048165,0.013030097589270474,,,,6
68,-1.578484636293118,-1.68534547567622,0.013040291039092246,,,,6
69,-1.4919938083694355,-1.631459059112227,0.012789862770626964,,,,6
70,-1.438221581606244,-1.6626696319437586,0.012970565065091502,18.648387908935547,3.9685394763946533,0.0992085412144661,6
71,-1.5748279423889253,-1.6520874665666416,0.013066718640082228,,,,6
72,-1.2653211120877856,-1.6420675574015655,0.012838496737134431,,,,6
73,-1.6752937875107614,-1.6404841748347532,0.012530024966032203,,,,6
74,-1.6641081745101172,-1.6213616207162498,0.01239394202277764,,,,6
75,-1.3835010850482015,-1.6005479486036962,0.012711564871097897,19.29924964904785,3.9863014221191406,0.10467562079429626,6
76,-1.578969215801266,-1.5932686805343423,0.012208748854827952,,,,6
77,-2.0193218625247034,-1.5791536779515645,0.012044689164317056,,,,6
78,-2.202117307861052,-1.587096984511124,0.012106628424071546,,,,6
79,-2.1223416408740596,-1.5758437053752683,0.012158583144467472,,,,6
80,-2.2414121901260624,-1.580168750331903,0.012424864773683274,18.450864791870117,4.198074817657471,0.09313691407442093,6
1,10.638344149611166,-7.467954031304082,0.11074538212448454,120.13821411132812,2.8182315826416016,0.07363022863864899,7
2,10.448709611577184,-5.849461328003679,0.07429287417045334,,,,7
3,9.006765496896197,-4.981651887313533,0.05946192159958526,,,,7
4,7.9423487066840925,-4.553445096967569,0.05378160428398924,,,,7
5,6.751408414626961,-4.293122266120056,0.05051128334080524,53.82672119140625,3.7017509937286377,0.06380241364240646,7
6,5.956671397739439,-4.115096270338321,0.04612165329363615,,,,7
7,5.107084307115895,-3.904789365851892,0.04334340568755136,,,,7
8,4.3686962991539415,-3.796033671469673,0.04138752909848345,,,,7
9,3.7112251465450354,-3.649034315773873,0.039860378121887606,,,,7
10,2.703895122759052,-3.5276627191993444,0.03799738582887606,41.00593948364258,3.8194069862365723,0.082061268389225,7
11,2.254634596049595,-3.4345020204623458,0.03681551974382065,,,,7
12,1.7649998398161748,-3.3113653036420856,0.03445364663570229,,,,7
13,1.1232918993855172,-3.215213983646706,0.03339230043867259,,,,7
14,0.48600833896416357,-3.1627467711681745,0.03273967728853671,,,,7
15,0.15999620363291198,-3.0752157537761593,0.03144744369762939,33.54729080200195,3.883469343185425,0.07253700494766235,7
16,-0.4310208407519912,-3.0085234257811035,0.029644625792190384,,,,7
17,-0.5590517756866098,-2.9517542055093364,0.028943593156590598,,,,7
18,-0.8266395547227455,-2.8740471690543306,0.027926185950557347,,,,7
19,-1.1623750949912608,-2.8259955128076366,0.027534259001156882,,,,7
20,-1.485671938181305,-2.7649466932901325,0.026326871472097765,30.235876083374023,4.016555309295654,0.13208021223545074,7
21,-1.8128948825249487,-2.695650123099507,0.025756903298859154,,,,7
22,-1.9548000406032566,-2.6382318975576853,0.024738584020897635,,,,7
23,-2.3399005896285607,-2.6224762916310493,0.025039367899576972,,,,7
24,-2.623975025646969,-2.562313410108601,0.023903836878841563,,,,7
25,-2.406168345429536,-2.5375231872118906,0.023286023430661433,27.793458938598633,3.873617649078369,0.06394819915294647,7
26,-2.596459078933475,-2.489467285358791,0.022865406043227194,,,,7
27,-2.695843206621158,-2.427712608808642,0.02198899208479576,,,,7
28,-3.171887866222362,-2.403397105037848,0.02189734092493131,,,,7
29,-3.2104958988718186,-2.39696855644279,0.02196606684311143,,,,7
30,-3.5518799820157483,-2.360129242263965,0.021117020112123408,24.969711303710938,3.892052412033081,0.12396448850631714,7
31,-3.476839477615779,-2.3364869003743727,0.021511724774836063,,,,7
32,-3.6530996204822017,-2.269028652057831,0.020435404287414624,,,,7
33,-3.337275995118514,-2.268985459873236,0.02004659528125439,,,,7
34,-3.046788984311301,-2.2562595664373455,0.01971546464113632,,,,7
35,-3.1087159003780136,-2.2520525198481507,0.019726861854707036,23.757366180419922,3.956482410430908,0.0708974078297615,7
36,-3.090700543605849,-2.197443677368897,0.019258519386616213,,,,7
37,-3.0448927801726593,-2.159485368235007,0.018973979599507508,,,,7
38,-3.018179590349645,-2.152498167250683,0.018906885989630553,,,,7
39,-2.793653476629466,-2.1368355373181043,0.018693966153917663,,,,7
40,-2.9684406806781425,-2.1110745766374066,0.0183731236185962,22.383922576904297,3.9529869556427,0.07134679704904556,7
41,-2.6524139428501323,-2.1075694102996696,0.01830954814236313,,,,7
42,-2.5277219192465825,-2.0707423078848435,0.017703984209049093,,,,7
43,-2.2475959699016497,-2.041162190531463,0.01777152314965028,,,,7
44,-2.3349138437000003,-2.0249244897062777,0.01756822807603022,,,,7
45,-2.1233399048519175,-2.013598146471677,0.017225299683561512,22.111770629882812,3.8837966918945312,0.08616098016500473,7
46,-2.0855480614838884,-1.9904524080272419,0.01710869841875952,,,,7
47,-1.987935912774492,-1.9705744539660859,0.016897208591090195,,,,7
48,-2.00132370512364,-1.9965272043914144,0.01734536843078177,,,,7
49,-2.13577959339036,-1.9588631525110918,0.016473699491789114,,,,7
50,-2.1794949219012465,-1.9688447451769606,0.016666433847486464,20.656034469604492,4.032261848449707,0.11399383097887039,7
51,-2.396852242479075,-1.930250807658331,0.016445962521580537,,,,7
52,-2.3502214976418427,-1.915497532140229,0.016077583055871685,,,,7
53,-2.2900007131927933,-1.8761538989770374,0.015684104970335292,,,,7
54,-2.2633850444804007,-1.89228596885787,0.015959788984524655,,,,7
55,-1.9617476261667153,-1.8638688570152862,0.015778433285522392,20.07015037536621,4.087553024291992,0.10399006307125092,7
56,-1.8246687027678419,-1.861979240668876,0.015369267081156008,,,,7
57,-1.9318421632886378,-1.8468296351656714,0.01551593144065447,,,,7
58,-1.5956858229468573,-1.8197461470977474,0.014763489970390703,,,,7
59,-1.4650277309199216,-1.800174774393328,0.014838434835814393,,,,7
60,-1.2139044977374684,-1.8100755827912909,0.014998520100280532,20.41611099243164,4.103579998016357,0.13533833622932434,7
61,-1.0097385642646535,-1.7982270844845278,0.014795755738394461,,,,7
62,-0.6092571746379042,-1.7824672631036764,0.014555472638080316,,,,7
63,-0.35146111739538966,-1.7631897014767537,0.014522628846758203,,,,7
64,0.25178137688779273,-1.772984815254537,0.014407087021021286,,,,7
65,0.25991436649857363,-1.7524818192805653,0.01431500718937819,18.737693786621094,4.13262414932251,0.05864015221595764,7
66,0.3634544562552375,-1.7608590448551524,0.01426415732219863,,,,7
67,0.29812025123354335,-1.7561032150890936,0.014403560017449274,,,,7
68,0.5365828595490949,-1.720706808274431,0.014388338205968144,,,,7
69,0.575084653208897,-1.696807101989123,0.014157939467205404,,,,7
70,0.4012018447123635,-1.7131252849560028,0.013808894597327887,20.89045524597168,4.093963623046875,0.0636979341506958,7
71,0.6497139389583942,-1.7133566701552148,0.013989183561242282,,,,7
72,0.5936134342529603,-1.6909896371967637,0.013751884147111355,,,,7
73,0.5251296570419216,-1.6800150787626793,0.013834457829586661,,,,7
74,0.5996674625282529,-1.6710910064942555,0.01365138327935462,,,,7
75,0.4204389450787353,-1.6853568469638376,0.013862315657784171,18.664892196655273,4.010255336761475,0.09937511384487152,7
76,0.5452432276297404,-1.6567837088950288,0.013531696270523134,,,,7
77,0.5502460307840222,-1.6861661771827217,0.013741833089752443,,,,7
78,0.7417302405602808,-1.6530137598005659,0.013326977817451019,,,,7
79,0.6257940698653587,-1.638843653932325,0.013374472843789224,,,,7
80,0.5469982153085023,-1.6248382230864773,0.01324066996083395,17.934213638305664,4.120030403137207,0.0770735815167427,7
1,10.6136028229745,-7.478717388440095,0.10975837673526755,121.97592163085938,2.765700578689575,0.04550962522625923,8
2,10.14648793015943,-5.733670285569947,0.07370470658445626,,,,8
3,8.805607007432773,-4.826926360644297,0.05675429526195646,,,,8
4,7.78031540171441,-4.442331402635117,0.051797168640461584,,,,8
5,6.591378425712137,-4.202870559539713,0.047353009782779246,55.24200439453125,3.709764242172241,0.07128758728504181,8
6,5.945296604834346,-4.012131343910763,0.0446825649961034,,,,8
7,4.880773273450715,-3.8460226336309216,0.041347537883492776,,,,8
8,3.6540671696403364,-3.718422509817329,0.040089024950451,,,,8
9,2.9270507418167884,-3.5715302348518576,0.037210851228868504,,,,8
10,2.2032113359443914,-3.489715768535211,0.03652377897454078,39.78831100463867,3.9083595275878906,0.05384473130106926,8
11,1.424711576926352,-3.361373069319425,0.03514466476065117,,,,8
12,1.0563022150730628,-3.2644066152857616,0.03320115585508284,,,,8
13,0.6852189080040254,-3.1689732260485215,0.03239383632784337,,,,8
14,0.1956688998428073,-3.0906902434604526,0.03111080115356879,,,,8
15,-0.3288411867974789,-3.0252535616702687,0.02989175400459143,32.98310470581055,3.9205551147460938,0.10427051782608032,8
16,-0.9339460878212525,-2.941594873955563,0.028873655646880384,,,,8
17,-1.1915784161319218,-2.865112687378581,0.02790056269122894,,,,8
18,-1.5553890394172138,-2.807482257469487,0.027115373048243553,,,,8
19,-1.537840618737034,-2.751066400503527,0.025813525118204103,,,,8
20,-1.5491866693775325,-2.7014306949067906,0.02541739364097982,28.974288940429688,3.8288180828094482,0.1101171150803566,8
21,-1.6426000661169962,-2.657462672464621,0.025317867729800932,,,,8
22,-1.32032535227936,-2.6082366921222326,0.024485376621760514,,,,8
23,-1.6887871626378888,-2.5533432141184935,0.023630511832672986,,,,8
24,-1.9459315002632498,-2.511614524440297,0.02287192120521927,,,,8
25,-2.113708555078176,-2.4813143453832116,0.02237824134363643,25.67725944519043,4.035160541534424,0.07513517886400223,8
26,-2.1151643461421563,-2.422855660526068,0.02234964006706643,,,,8
27,-1.6939711321936473,-2.3999899987095574,0.021488600593406147,,,,8
28,-1.3955228953575567,-2.3674258533129695,0.021332622274633183,,,,8
29,-1.6500793222055683,-2.2944341549369542,0.020749468740032095,,,,8
30,-1.7927674300006513,-2.2956354100269087,0.02017874834888089,24.743072509765625,4.094780445098877,0.0844145342707634,8
31,-1.5509922918659838,-2.2613091653286457,0.019973096041169848,,,,8
32,-1.201686288115818,-2.2355105892189537,0.019602450913885804,,,,8
33,-1.433386068958133,-2.2098717830733277,0.019228122640389197,,,,8
34,-0.9172440924609165,-2.1690981179443978,0.018453875644054967,,,,8
35,-0.7460141486886853,-2.145400907848281,0.01859738261229185,24.575899124145508,4.114447116851807,0.09042758494615555,8
36,-0.6784120276769108,-2.1280047354092595,0.01825695531890035,,,,8
37,-0.5452666153202953,-2.1206024559483074,0.018292930374257943,,,,8
38,-0.42725398648717106,-2.091126337313474,0.018076102874016144,,,,8
39,-0.5827405121328514,-2.068196295356038,0.017894435593442892,,,,8
40,-0.4698022465791112,-2.038521331745889,0.017582585646004567,22.22983741760254,4.095992565155029,0.10602765530347824,8
41,-0.4246380982151217,-2.048358206433446,0.017530737832892315,,,,8
42,-0.28012701018793923,-2.027773198094159,0.017356440783731775,,,,8
43,-0.09612301663120884,-2.003154568572945,0.016925174214657526,,,,8
44,0.044082997050712815,-1.9845432509989214,0.01681746525059801,,,,8
45,0.2707589567184703,-1.9826962705482922,0.01670927060131886,21.40041160583496,4.124695777893066,0.12291181832551956,8
46,0.6281836505625457,-1.982621540922747,0.016641093528826534,,,,8
47,0.5906305029519149,-1.9424404604648704,0.016329532767484,,,,8
48,0.9713303162144813,-1.9242261102385303,0.01619159387376879,,,,8
49,1.5256217162392183,-1.9036431912265186,0.015768926507190046,,,,8
50,1.792496039199155,-1.8887432049025594,0.01581056130873069,20.8957462310791,3.979706287384033,0.06108507141470909,8
51,2.2141164945023037,-1.8634616773309167,0.015487235527994506,,,,8
52,2.4453365076472435,-1.8808657553050918,0.01582705221320786,,,,8
53,3.0242180985377716,-1.8499930878204622,0.015274434985062197,,,,8
54,3.222102427368103,-1.8384191174390094,0.015701484910670666,,,,8
55,3.411972978835172,-1.836180987200335,0.015024689921220663,18.68016242980957,4.158885478973389,0.05604056641459465,8
56,3.734965142566341,-1.8216662462900135,0.014892599163745931,,,,8
57,3.915844869715427,-1.8229328423833897,0.014973858069218974,,,,8
58,4.137728475837341,-1.7851020338186714,0.014196744833733954,,,,8
59,4.39006703983885,-1.8152367464379033,0.014690029165004812,,,,8
60,4.73329011136974,-1.7973775034144186,0.014662859490262534,19.268070220947266,4.09928035736084,0.1132892444729805,8
61,4.592727719656049,-1.780652314774382,0.014487597360817384,,,,8
62,4.712041705242471,-1.7405835915527832,0.014225082910294657,,,,8
63,4.930813606164499,-1.7394818101901255,0.014141923038779957,,,,8
64,4.542035506400126,-1.7531945041302301,0.0142505203006966,,,,8
65,4.747952663275068,-1.7621150336117983,0.014422666346067871,18.765995025634766,4.0637946128845215,0.08044680207967758,8
66,5.235562821716993,-1.7140336170267778,0.013852794770958457,,,,8
67,5.480345697006014,-1.7198859020638237,0.013815244512926695,,,,8
68,5.3110701002204435,-1.7125626492016852,0.013894246727637668,,,,8
69,5.201581825187137,-1.6975277457445892,0.013781102326983862,,,,8
70,5.540045807684753,-1.6675813873651315,0.013707445165601618,17.87608528137207,4.150465488433838,0.0788443461060524,8
71,5.7326208476450295,-1.6886766554833477,0.013742038259022296,,,,8
72,6.018026832073704,-1.6680999318716239,0.013891893107764097,,,,8
73,5.9211913529175195,-1.6700861998530563,0.013374599056634476,,,,8
74,5.79217699166932,-1.6660982778767002,0.013504120815453878,,,,8
75,6.068219385381187,-1.6152654980391805,0.012829157140646667,17.80396842956543,4.087700366973877,0.13446491956710815,8
76,6.053731431065399,-1.614126345900105,0.012847702635159932,,,,8
77,6.3941574600488424,-1.625283437960939,0.013076978342522139,,,,8
78,6.5995791966022015,-1.585830397641519,0.01286276140580254,,,,8
79,6.76312849386779,-1.6166821276747176,0.012881914378325738,,,,8
80,6.948165613660945,-1.6252723656189225,0.012980095625198034,16.864866256713867,4.120999336242676,0.07223712652921677,8
1,12.142519613085842,-7.415454607635832,0.10953027008970048,117.29220581054688,2.850511312484741,0.0747271180152893,9
2,11.24106294597353,-5.688485847847693,0.07194330319444169,,,,9
3,10.46081412283817,-4.8498963057804,0.05891296329928946,,,,9
4,9.934244636283232,-4.457844029877458,0.050951562231464215,,,,9
5,9.60809655225137,-4.174623708460349,0.04633074530013693,54.812965393066406,3.6476387977600098,0.08648643642663956,9
6,9.101684967252718,-3.990289055041595,0.04377555594210023,,,,9
7,8.564412995361849,-3.8386934406602142,0.0414109737915459,,,,9
8,8.28469577339441,-3.716824524176159,0.039203034510106455,,,,9
9,8.112153800854433,-3.5863534238829557,0.03803119520391382,,,,9
10,8.122681463031912,-3.4774299970685862,0.036744174837724186,38.73044204711914,3.788057804107666,0.07761137932538986,9
11,7.9894818939037995,-3.3596976462397783,0.034444463401516,,,,9
12,7.4759644464596615,-3.27297207436414,0.03257094693579885,,,,9
13,7.054694627875834,-3.176377845802836,0.03212006913504008,,,,9
14,6.789362617083522,-3.0893371705693395,0.03082380910367251,,,,9
15,6.667679254629569,-3.0305286075923843,0.029836538964395462,33.841896057128906,3.901606798171997,0.15284179151058197,9
16,6.384428333701803,-2.91808770127841,0.028300000025653214,,,,9
17,6.0959926374185045,-2.8715257764244284,0.02797412859393222,,,,9
18,5.777565785380539,-2.823812894149422,0.027198114000030235,,,,9
19,5.650070954794054,-2.7295427958509837,0.02574793910885999,,,,9
20,5.505619576544746,-2.701322335189282,0.02543466057968321,28.41891860961914,3.909092664718628,0.06399168074131012,9
21,5.210482093796786,-2.630037242854799,0.024429575615664875,,,,9
22,5.128747567041452,-2.609640991929501,0.02405899016657723,,,,9
23,5.116429377136515,-2.534398652955079,0.02313942647277673,,,,9
24,4.911722412994857,-2.492524407207648,0.022813912517348406,,,,9
25,4.924540598720726,-2.458856935434942,0.02222670699303757,25.73090934753418,3.962681531906128,0.0797324925661087,9
26,4.779589894359877,-2.44204071059171,0.022102480164352355,,,,9
27,4.738400054715868,-2.39712770084434,0.021526598562401984,,,,9
28,4.952151372822016,-2.3501421807288105,0.02089053279548295,,,,9
29,4.607452236600976,-2.3354975734474563,0.020838355531731148,,,,9
30,4.6962130727482965,-2.2983088976799997,0.019813100793950555,24.188535690307617,3.9552700519561768,0.07384265214204788,9
31,4.8183395937641755,-2.2508590288833976,0.019561632026460024,,,,9
32,4.563382349884497,-2.2375817139858625,0.019614194256423505,,,,9
33,4.63549460265527,-2.1923835091809707,0.018916481650626264,,,,9
34,4.556413418455338,-2.2123388808972044,0.018996070618686547,,,,9
35,4.455376299748171,-2.150639818088731,0.018317071828800338,23.317617416381836,3.9086625576019287,0.08692336827516556,9
36,4.247060674955331,-2.142206435524158,0.018619837863579503,,,,9
37,4.275676815207002,-2.1155854107348873,0.0179897012703892,,,,9
38,3.645479802070076,-2.0915222494935533,0.01766976712593608,,,,9
39,2.977323379482887,-2.0951619726489423,0.01795437127767228,,,,9
40,2.9429887437451483,-2.0787251705548297,0.017387105055598654,21.104129791259766,3.9379806518554688,0.11566859483718872,9
41,2.5923275332838265,-2.064025706962435,0.017624919318664608,,,,9
42,2.514134566781679,-2.0032304150699423,0.01651712746996524,,,,9
43,1.9551124711269503,-1.9987819680154897,0.017006379324573082,,,,9
44,1.6983083941543369,-1.9631567431997463,0.01640479086044472,,,,9
45,1.5564648903818878,-1.9496199977181636,0.016103292951557144,21.94570541381836,4.031283855438232,0.08517953753471375,9
46,1.6075750254651207,-1.9428561956103862,0.015880384653401157,,,,9
47,1.2576376150701127,-1.9152556491127137,0.015975200047312958,,,,9
48,1.0250745909258707,-1.8809220915861038,0.015577308652701856,,,,9
49,0.7351136255886092,-1.889746029514386,0.015340615142427043,,,,9
50,0.5021426820553037,-1.8581230208166382,0.015089245262111486,19.024436950683594,4.0390191078186035,0.11571263521909714,9
51,0.17908664586433987,-1.8358647566340394,0.01489507448049451,,,,9
52,-0.1831298494113166,-1.8359330880158484,0.014809908109777701,,,,9
53,-0.6020461627965039,-1.8314543904909584,0.014959892498581743,,,,9
54,-0.23615260360605433,-1.819578000041184,0.014757657490706464,,,,9
55,-0.46338383808111816,-1.7860737449331496,0.014623736541245129,19.571741104125977,4.069787502288818,0.08271902799606323,9
56,-0.20384285436384578,-1.827838884632768,0.01441984713970104,,,,9
57,-0.44362493854099555,-1.7894952588554636,0.014534061456053432,,,,9
58,-0.5223595440355919,-1.7867934903569258,0.014657989080713042,,,,9
59,-0.7107776630463093,-1.7573770568999307,0.014133802640451597,,,,9
60,-1.0266782452442793,-1.7410623325609473,0.014195890244386748,19.299734115600586,4.201478481292725,0.06598181277513504,9
61,-0.8846025588895366,-1.7266312399312551,0.014095186495411994,,,,9
62,-1.1520897101296814,-1.6930506800002196,0.013809963327752011,,,,9
63,-1.1017684451003211,-1.689637087579725,0.01346014702758228,,,,9
64,-1.236145382279902,-1.7015586626440637,0.013810059334486405,,,,9
65,-0.8166498121514264,-1.6899835598379724,0.013387485122280305,19.610078811645508,3.968745470046997,0.14222422242164612,9
66,-0.7952663679085393,-1.6957965380926652,0.013579148940817555,,,,9
67,-0.7341939883153555,-1.6226887846705498,0.013211468640683078,,,,9
68,-0.6874888988774321,-1.6404943536796082,0.013347971322175946,,,,9
69,-0.686046712466276,-1.6343878465630075,0.012996651470291417,,,,9
70,-0.39324236685249125,-1.6467160969622743,0.013283783522222823,20.204233169555664,4.015733242034912,0.10201886296272278,9
71,-0.35466561595667767,-1.6353050223854844,0.013084052763223298,,,,9
72,-0.38505190743676115,-1.6250647818202524,0.013128688721445448,,,,9
73,-0.48929794138871935,-1.6355308445693335,0.012879181411733559,,,,9
74,-0.3838702803427948,-1.5916285607069254,0.012939445149121665,,,,9
75,-0.32276100537510094,-1.6094592939764103,0.01294981834618822,16.960918426513672,4.147156715393066,0.10183368623256683,9
76,-0.18962211756824873,-1.6078281836423192,0.012613366808734334,,,,9
77,-0.2664692504301651,-1.594127126093735,0.012643910495946015,,,,9
78,-0.40722096127755103,-1.5928875505288103,0.012628502092694937,,,,9
79,-0.3862083885767035,-1.5592575095824524,0.012617405230654534,,,,9
80,-0.20172204336861155,-1.5453835180627626,0.012298578951555516,17.41109275817871,4.065032005310059,0.0801519826054573,9
1,12.59759753236394,-7.360631072533932,0.1075047913565039,119.33935546875,2.7331016063690186,0.06245464086532593,10
2,15.811394504192926,-5.598216058350424,0.0681231383695451,,,,10
3,15.661584773720138,-4.850533198903184,0.05709119368117927,,,,10
4,15.53565753765778,-4.440594821754871,0.051041083546552166,,,,10
5,15.187151270716779,-4.2174265611133555,0.047799985796181346,54.697105407714844,3.583944797515869,0.06978564709424973,10
6,14.489186200413657,-4.002753792602962,0.04524509074204187,,,,10
7,13.794331284953538,-3.855394205136131,0.04294322440529932,,,,10
8,12.773628599234044,-3.7143127656161083,0.040165836316520466,,,,10
9,11.776906518315302,-3.601438634805262,0.03832849732171764,,,,10
10,10.96279642396192,-3.49242452521716,0.03615837877669959,42.341705322265625,3.713987112045288,0.08665536344051361,10
11,10.567962397124495,-3.4208667779554043,0.035191112412626804,,,,10
12,10.079336907845805,-3.319096564992133,0.03406527308447002,,,,10
13,9.917165637652419,-3.237633441530144,0.03251047736170961,,,,10
14,9.640162097479006,-3.1482877331838535,0.03151341456236077,,,,10
15,9.49403449081942,-3.028665885854047,0.029354994495378425,34.972251892089844,3.8910553455352783,0.09378504008054733,10
16,9.16738700917589,-2.99498059477343,0.028990890794973363,,,,10
17,9.193230688508319,-2.868974184404697,0.027440582354341336,,,,10
18,8.948523033390432,-2.824991673771829,0.02684452452695866,,,,10
19,9.097336376743867,-2.7814952703779254,0.026017298432923813,,,,10
20,9.205535590457815,-2.7334624100138565,0.02549190838098637,30.403682708740234,3.902667999267578,0.049199268221855164,10
21,9.195833248415267,-2.6569723540970713,0.02453390905025277,,,,10
22,9.109021445348652,-2.618374688902685,0.02399621722651218,,,,10
23,9.116429271921913,-2.5538139473030634,0.023420921511443187,,,,10
24,8.95671701533054,-2.519817360437285,0.022964130512566933,,,,10
25,8.888987225682147,-2.4846004841803486,0.02260367320492673,27.978759765625,3.8760056495666504,0.09553800523281097,10
26,9.29576477042639,-2.440176950065914,0.02178753506622835,,,,10
27,9.222004004959873,-2.3989344551570895,0.021567993144342712,,,,10
28,9.017976689618578,-2.3454098085710817,0.0211726028726634,,,,10
29,8.886507682128547,-2.3171666497990824,0.020626668587203755,,,,10
30,8.89468174835661,-2.3043754217846035,0.020028660538046757,23.968231201171875,4.014542102813721,0.09707152098417282,10
31,8.831268525810609,-2.2926925363510113,0.019842309546294117,,,,10
32,8.858523214639442,-2.2296202330350114,0.019348664372252935,,,,10
33,9.188253915678857,-2.1960000052905007,0.019059186746150637,,,,10
34,9.201547458306703,-2.1837191668238685,0.01856026632498588,,,,10
35,9.041505868050688,-2.1785464291893177,0.018793658216721444,25.002031326293945,4.080866813659668,0.11427140235900879,10
36,9.470838816468719,-2.12818705921112,0.018512804684872274,,,,10
37,9.393959103424496,-2.117890854909809,0.017759477606852286,,,,10
38,9.053756806486572,-2.0747850572286826,0.017731538110014086,,,,10
39,8.981115368158102,-2.0661485849093473,0.01760441990988677,,,,10
40,9.285628635320998,-2.045618697953199,0.017133957113506095,23.472496032714844,3.9358322620391846,0.07906906306743622,10
41,9.17734327133081,-2.0351154890742347,0.017434515354194727,,,,10
42,9.013686700717107,-2.0187696486934144,0.016888528971077045,,,,10
43,9.2418153446283,-1.9798686700289634,0.016755596181455296,,,,10
44,9.087882221063147,-1.960291627631498,0.0163676790453756,,,,10
45,8.95907962691186,-1.9624471010495148,0.01643201025558701,22.22542381286621,3.9912803173065186,0.07901081442832947,10
46,8.967613575934346,-1.9254346234821331,0.01605216644380317,,,,10
47,8.714680702734656,-1.9046949732138228,0.016001799399790573,,,,10
48,8.920210034768381,-1.900250042006453,0.015575157297057524,,,,10
49,8.984414480793566,-1.900208351070115,0.015471664231505122,,,,10
50,9.03458647590564,-1.8707409734532572,0.015250779900564677,23.159610748291016,4.024454593658447,0.08070635050535202,10
51,9.002319265200718,-1.8393794421579692,0.015129599589536418,,,,10
52,9.378649627640764,-1.822849361975394,0.01495683012508341,,,,10
53,9.549848160087235,-1.8388531790726212,0.014835215365492293,,,,10
54,9.247756889815518,-1.8060900864758893,0.014842884604627288,,,,10
55,9.42763976226367,-1.807315220318838,0.014690663500041914,20.564563751220703,4.064754009246826,0.0776154026389122,10
56,9.112381947333175,-1.781829734494872,0.014943440117263966,,,,10
57,9.18916160345332,-1.7773046050789263,0.014548042957574574,,,,10
58,9.35652381557029,-1.7452203400488724,0.014277991477455725,,,,10
59,9.277313691956511,-1.7429642972467803,0.01402668378652812,,,,10
60,9.387513438563719,-1.7482960959508809,0.014057132813546772,19.614181518554688,4.049971103668213,0.07746916264295578,10
61,9.757827701792518,-1.7285667397042095,0.013598095033747187,,,,10
62,9.610206056429966,-1.7108385163412023,0.013600456906063135,,,,10
63,9.632530050572871,-1.6976914772229108,0.013471038802849921,,,,10
64,9.734886307853772,-1.6887328810473008,0.013518587953491552,,,,10
65,9.790220709976799,-1.6952003007764622,0.013670970325973461,20.043210983276367,3.966740131378174,0.07426206767559052,10
66,9.826119835119746,-1.6582720613021606,0.01306708883186017,,,,10
67,10.121696381584176,-1.6833760628959795,0.013410999597196358,,,,10
68,10.339120498970708,-1.6683039008744116,0.013176545142936605,,,,10
69,10.163441430542742,-1.6515439302206294,0.013275827386037803,,,,10
70,10.469696703435517,-1.630473742999033,0.012789537943303267,18.598995208740234,4.061556816101074,0.09035836905241013,10
71,10.366651230204448,-1.6409922867472677,0.012868197133373012,,,,10
72,10.268730453645915,-1.6278738904279222,0.01285117783677131,,,,10
73,10.089342197206511,-1.595344090029168,0.013011368200791207,,,,10
74,10.189542926108443,-1.6042148402813532,0.012540352062631314,,,,10
75,10.148357696696051,-1.5905108319529857,0.012534678412209739,17.905521392822266,4.054303169250488,0.11488538235425949,10
76,9.874451013359469,-1.57663605383646,0.012216742408910136,,,,10
77,9.921508027242622,-1.5828950020903076,0.012499599921812274,,,,10
78,10.021190403619723,-1.5555839243413545,0.012266104701974031,,,,10
79,9.855960246465758,-1.5547453626878998,0.012122730764271165,,,,10
80,9.65231827865161,-1.550109914679919,0.012309663130165243,19.133451461791992,4.118741512298584,0.10489515215158463,10
